;date;France;Germany;Italy
0;2020-12-27;0.0008958500192815401;;
1;2020-12-28;0.0018895909347097387;;
2;2020-12-29;0.002444306012874136;;
3;2020-12-30;0.0030969119871851916;;
4;2020-12-31;0.0037435851799116015;;
5;2021-01-01;0.005431461540743377;;
6;2021-01-02;0.0059639286879653525;;
7;2021-01-03;0.006560173237222272;;
8;2021-01-04;0.009664501201388271;;
9;2021-01-05;0.021134051199905076;;
10;2021-01-06;0.03959835068671947;;
11;2021-01-07;0.08328142149446768;;
12;2021-01-08;0.1383420841861707;;
13;2021-01-09;0.15496722138174482;;
14;2021-01-10;0.16386491056331762;;
15;2021-01-11;0.22308148675506512;;
16;2021-01-12;0.3152294503277862;;
17;2021-01-13;0.4118047521580493;;
18;2021-01-14;0.5350879534869923;;
19;2021-01-15;0.6374195366497583;;
20;2021-01-16;0.6673919492153897;;
21;2021-01-17;0.6836744682744504;;
22;2021-01-18;0.8110616712645724;;
23;2021-01-19;1.0047402924861322;;
24;2021-01-20;1.2087226721248256;;
25;2021-01-21;1.4436370917504673;;
26;2021-01-22;1.6231734448696271;;
27;2021-01-23;1.6802290053691673;;
28;2021-01-24;1.6946768117231763;;
29;2021-01-25;1.810698288392513;;
30;2021-01-26;1.9595621607190532;;
31;2021-01-27;2.118599270267865;;
32;2021-01-28;2.3030094034588116;;
33;2021-01-29;2.4397214559046008;;
34;2021-01-30;2.4829032066684467;;
35;2021-01-31;2.490657352199579;;
36;2021-02-01;2.5694283764943195;;
37;2021-02-02;2.676642638901249;;
38;2021-02-03;2.78387173326214;;
39;2021-02-04;2.905575331494171;;
40;2021-02-05;3.0067544718341193;;
41;2021-02-06;3.0410014535314884;;
42;2021-02-07;3.0486903384651893;;
43;2021-02-08;3.1181350301088666;;
44;2021-02-09;3.216015543887752;;
45;2021-02-10;3.3213120346474443;;
46;2021-02-11;3.4507134169855536;;
47;2021-02-12;3.568329328705764;;
48;2021-02-13;3.6014906113731424;;
49;2021-02-14;3.609011895227077;;
50;2021-02-15;3.665484559935926;;
51;2021-02-16;3.740197561626769;;
52;2021-02-17;3.815116727477678;;
53;2021-02-18;3.9185918542908844;;
54;2021-02-19;4.015079647592774;;
55;2021-02-20;4.04263148527187;;
56;2021-02-21;4.047546794814749;;
57;2021-02-22;4.103145857435258;;
58;2021-02-23;4.182889857909881;;
59;2021-02-24;4.271860816944025;;
60;2021-02-25;4.4209946308326655;;
61;2021-02-26;4.589239417400848;;
62;2021-02-27;4.666502031977693;;
63;2021-02-28;4.675687461066121;;
64;2021-03-01;4.773346978730978;;
65;2021-03-02;4.923677731304322;;
66;2021-03-03;5.0964388478538165;;
67;2021-03-04;5.33908813147044;;
68;2021-03-05;5.637045771409926;;
69;2021-03-06;5.945454006110765;;
70;2021-03-07;6.125301830263119;;
71;2021-03-08;6.28418468749073;;
72;2021-03-09;6.539926136869271;;
73;2021-03-10;6.805342469816973;;
74;2021-03-11;7.16552163982083;;
75;2021-03-12;7.602745394678295;;
76;2021-03-13;7.945919729465159;;
77;2021-03-14;8.039869775444217;;
78;2021-03-15;8.275122363620182;;
79;2021-03-16;8.485062739165258;;
80;2021-03-17;8.708219868885527;;
81;2021-03-18;8.957088190798256;;
82;2021-03-19;9.298184568835099;;
83;2021-03-20;9.545356115214618;;
84;2021-03-21;9.619400195781793;;
85;2021-03-22;9.871546379520037;;
86;2021-03-23;10.242846548604312;;
87;2021-03-24;10.623831983625523;;
88;2021-03-25;11.130746640562428;;
89;2021-03-26;11.662853371303136;;
90;2021-03-27;11.952432440449705;;
91;2021-03-28;12.04042152413159;;
92;2021-03-29;12.341419714633206;;
93;2021-03-30;12.76478745809973;;
94;2021-03-31;13.154836700186882;;
95;2021-04-01;13.622652843285575;;
96;2021-04-02;14.039862359467236;;
97;2021-04-03;14.249074486072795;;
98;2021-04-04;14.31803713921272;;
99;2021-04-05;14.411945655720684;;
100;2021-04-06;14.734046750318887;;
101;2021-04-07;15.119996440331049;;
102;2021-04-08;15.620957550947763;;
103;2021-04-09;16.229210050132004;;
104;2021-04-10;16.544522559401976;;
105;2021-04-11;16.627772833793124;;
106;2021-04-12;16.97931980659132;;
107;2021-04-13;17.438266441220968;;
108;2021-04-14;17.87501112396547;;
109;2021-04-15;18.37489543472457;;
110;2021-04-16;18.878050191332207;;
111;2021-04-17;19.157823855714753;;
112;2021-04-18;19.234365637329063;;
113;2021-04-19;19.539386253745068;;
114;2021-04-20;19.9166533179081;;
115;2021-04-21;20.292189493043814;;
116;2021-04-22;20.718614102221828;;
117;2021-04-23;21.160472842692297;;
118;2021-04-24;21.442895494052387;;
119;2021-04-25;21.546042834683043;;
120;2021-04-26;21.873689596867493;;
121;2021-04-27;22.29574174601762;;
122;2021-04-28;22.73988757378897;;
123;2021-04-29;23.269490670700957;;
124;2021-04-30;23.821463320577852;;
125;2021-05-01;24.070063184123878;;
126;2021-05-02;24.206091483492035;;
127;2021-05-03;24.634537687995017;;
128;2021-05-04;25.102653436563735;;
129;2021-05-05;25.587852629705438;;
130;2021-05-06;26.150651122778914;;
131;2021-05-07;26.703429147755926;;
132;2021-05-08;27.03290468986384;;
133;2021-05-09;27.225252884815045;;
134;2021-05-10;27.68998546468512;;
135;2021-05-11;28.28896354305716;;
136;2021-05-12;28.932738571979474;;
137;2021-05-13;29.43488772210851;;
138;2021-05-14;30.108359289252768;;
139;2021-05-15;30.664452255940198;;
140;2021-05-16;30.965140458604015;;
141;2021-05-17;31.522934650410846;;
142;2021-05-18;32.2053306042538;;
143;2021-05-19;32.89847824152354;;
144;2021-05-20;33.6511583756044;;
145;2021-05-21;34.37734715671443;;
146;2021-05-22;34.89224437127347;;
147;2021-05-23;35.132035537361695;;
148;2021-05-24;35.52235323781555;;
149;2021-05-25;36.11595473287651;;
150;2021-05-26;36.72911364243125;;
151;2021-05-27;37.39618077185489;;
152;2021-05-28;38.03321764409243;;
153;2021-05-29;38.4766218741657;;
154;2021-05-30;38.635509180979504;;
155;2021-05-31;39.166476817655955;;
156;2021-06-01;39.80560796179289;;
157;2021-06-02;40.42791522055116;;
158;2021-06-03;41.11792589955801;;
159;2021-06-04;41.793981193082374;;
160;2021-06-05;42.246010204384326;;
161;2021-06-06;42.443680104416956;;
162;2021-06-07;42.94684969297855;;
163;2021-06-08;43.53067248079262;;
164;2021-06-09;44.10129631277624;;
165;2021-06-10;44.70059476135386;;
166;2021-06-11;45.27396547121118;;
167;2021-06-12;45.69403755450743;;
168;2021-06-13;45.84953872623179;;
169;2021-06-14;46.20662691703005;;
170;2021-06-15;46.663538607576164;;
171;2021-06-16;47.12914182314378;;
172;2021-06-17;47.60022247930942;;
173;2021-06-18;48.077330841565065;;
174;2021-06-19;48.4100471656136;;
175;2021-06-20;48.520370205570885;;
176;2021-06-21;48.81059743110557;;
177;2021-06-22;49.14138560113909;;
178;2021-06-23;49.48828868915191;;
179;2021-06-24;49.84684227700157;;
180;2021-06-25;50.18425588086975;;
181;2021-06-26;50.41148141556169;;
182;2021-06-27;50.49434754234523;;
183;2021-06-28;50.7236866304767;;
184;2021-06-29;50.99445729880455;;
185;2021-06-30;51.29682151226603;;
186;2021-07-01;51.63966212808875;;
187;2021-07-02;51.97841357420427;;
188;2021-07-03;52.18896799264335;;
189;2021-07-04;52.27305775562873;;
190;2021-07-05;52.52262762896384;;
191;2021-07-06;52.81423422621696;;
192;2021-07-07;53.130153362403966;;
193;2021-07-08;53.47348046631663;;
194;2021-07-09;53.812209664501204;;
195;2021-07-10;54.032529441428615;;
196;2021-07-11;54.12174809409392;;
197;2021-07-12;54.37238883450506;;
198;2021-07-13;54.79819643439827;;
199;2021-07-14;55.066540595057994;;
200;2021-07-15;55.581107057043695;;
201;2021-07-16;56.144639731838275;;
202;2021-07-17;56.529766248405565;;
203;2021-07-18;56.69242977069799;;
204;2021-07-19;57.1156477114295;;
205;2021-07-20;57.674453442496514;;
206;2021-07-21;58.261281184183204;;
207;2021-07-22;58.91525763104031;;
208;2021-07-23;59.56811723176411;;
209;2021-07-24;59.99110676040461;;
210;2021-07-25;60.17066091186853;;
211;2021-07-26;60.685759841001456;;
212;2021-07-27;61.373845332384086;;
213;2021-07-28;62.05511109133517;;
214;2021-07-29;62.78143632642164;;
215;2021-07-30;63.46617276259975;;
216;2021-07-31;63.889402568894425;;
217;2021-08-01;64.0554448102993;;
218;2021-08-02;64.5615926552164;;
219;2021-08-03;65.15257334401234;;
220;2021-08-04;65.72312894900774;;
221;2021-08-05;66.2659992287384;;
222;2021-08-06;66.79935777639346;;
223;2021-08-07;67.11535403874106;;
224;2021-08-08;67.22531962860788;;
225;2021-08-09;67.608884340423;;
226;2021-08-10;68.0637121414375;;
227;2021-08-11;68.47838984307792;;
228;2021-08-12;68.88096318709027;;
229;2021-08-13;69.25481148586515;;
230;2021-08-14;69.47031236095043;;
231;2021-08-15;69.52863160392751;;
232;2021-08-16;69.80461718726825;;
233;2021-08-17;70.12436593396814;;
234;2021-08-18;70.4194773219424;;
235;2021-08-19;70.70415591350005;;
236;2021-08-20;70.98059832102281;;
237;2021-08-21;71.13598973628785;;
238;2021-08-22;71.18329625344843;;
239;2021-08-23;71.39228590074457;;
240;2021-08-24;71.63318204740293;;
241;2021-08-25;71.85726172465961;;
242;2021-08-26;72.06903088012815;;
243;2021-08-27;72.28911186259678;;
244;2021-08-28;72.42352347898313;;
245;2021-08-29;72.46402064607992;;
246;2021-08-30;72.6380587938655;;
247;2021-08-31;72.8289771884548;;
248;2021-09-01;73.03043665272463;;
249;2021-09-02;73.1976847319866;;
250;2021-09-03;73.3730310581116;;
251;2021-09-04;73.5063006140429;;
252;2021-09-05;73.53796090296936;;
253;2021-09-06;73.64971522648393;;
254;2021-09-07;73.76859630387708;;
255;2021-09-08;73.90222924268043;;
256;2021-09-09;74.0160719053128;;
257;2021-09-10;74.15813236035716;;
258;2021-09-11;74.25733291803863;;
259;2021-09-12;74.27632523508647;;
260;2021-09-13;74.37186971611641;;
261;2021-09-14;74.48069027913738;;
262;2021-09-15;74.59407611758773;;
263;2021-09-16;74.6886758031503;;
264;2021-09-17;74.7999184242532;;
265;2021-09-18;74.871411408739;;
266;2021-09-19;74.88308267331138;;
267;2021-09-20;74.94905817092344;;
268;2021-09-21;75.01702708314794;;
269;2021-09-22;75.08915339206787;;
270;2021-09-23;75.15323633235442;;
271;2021-09-24;75.23073774139004;;
272;2021-09-25;75.28294325294414;;
273;2021-09-26;75.29114235709412;;
274;2021-09-27;75.34147607605826;;
275;2021-09-28;75.39557266174246;;
276;2021-09-29;75.46135831034381;;
277;2021-09-30;75.51516567292575;;
278;2021-10-01;75.60650381181217;;
279;2021-10-02;75.66498917267361;;
280;2021-10-03;75.67281154519296;;
281;2021-10-04;75.72477232950669;;
282;2021-10-05;75.77473821601258;;
283;2021-10-06;75.83783631455609;;
284;2021-10-07;75.88300554715079;;
285;2021-10-08;75.9553706505295;;
286;2021-10-09;76.00526386046097;;
287;2021-10-10;76.01219038296105;;
288;2021-10-11;76.05758654445137;;
289;2021-10-12;76.10425825398238;;
290;2021-10-13;76.1636439144493;;
291;2021-10-14;76.20852244074635;;
292;2021-10-15;76.27489988431076;;
293;2021-10-16;76.32130906825665;;
294;2021-10-17;76.32699415621013;;
295;2021-10-18;76.36922962831123;;
296;2021-10-19;76.40937676129454;;
297;2021-10-20;76.46163715107828;;
298;2021-10-21;76.50017205066595;;
299;2021-10-22;76.55685977870725;;
300;2021-10-23;76.59687342410488;;
301;2021-10-24;76.60119248909851;;
302;2021-10-25;76.63973332146777;;
303;2021-10-26;76.67487911957521;;
304;2021-10-27;76.71941057814956;;
305;2021-10-28;76.75423303966065;;
306;2021-10-29;76.80099225772003;;
307;2021-10-30;76.83145857435258;;
308;2021-10-31;76.83513838213047;;
309;2021-11-01;76.84739550888435;;
310;2021-11-02;76.88505383999288;;
311;2021-11-03;76.92930349144196;;
312;2021-11-04;76.964447806354;;
313;2021-11-05;77.01236095043161;;
314;2021-11-06;77.04425261783987;;
315;2021-11-07;77.04778262288274;;
316;2021-11-08;77.07817626294089;;
317;2021-11-09;77.11115362937913;;
318;2021-11-10;77.15778084304826;;
319;2021-11-11;77.16431283557296;;
320;2021-11-12;77.20733885082021;;
321;2021-11-13;77.23748628044258;;
322;2021-11-14;77.2409554744742;;
323;2021-11-15;77.27120672777431;;
324;2021-11-16;77.30596837827416;;
325;2021-11-17;77.35104713594968;;
326;2021-11-18;77.38571682833496;;
327;2021-11-19;77.43550918097951;;
328;2021-11-20;77.47316454569724;;
329;2021-11-21;77.47705496722138;;
330;2021-11-22;77.51079914567946;;
331;2021-11-23;77.54873928391326;;
332;2021-11-24;77.5958678176263;;
333;2021-11-25;77.63360920767703;;
334;2021-11-26;77.6828824419329;;
335;2021-11-27;77.71751950401946;;
336;2021-11-28;77.7226825071935;;
337;2021-11-29;77.75144166592507;;
338;2021-11-30;77.78813147043992;;
339;2021-12-01;77.82812138471122;;
340;2021-12-02;77.86077689774851;;
341;2021-12-03;77.89860431313221;;
342;2021-12-04;77.92575272166356;;
343;2021-12-05;77.93189908338525;;
344;2021-12-06;77.96889145976091;;
345;2021-12-07;78.00354187060603;;
346;2021-12-08;78.04117647058824;;
347;2021-12-09;78.07678947524546;;
348;2021-12-10;78.1182789000623;;
349;2021-12-11;78.14828839251282;;
350;2021-12-12;78.15663284981163;;
351;2021-12-13;78.18820266381893;;
352;2021-12-14;78.22932573937291;;
353;2021-12-15;78.27127792115333;;
354;2021-12-16;78.31277476194714;;
355;2021-12-17;78.35962593812108;;
356;2021-12-18;78.39658420100264;;
357;2021-12-19;78.40956364391445;;
358;2021-12-20;78.45654979086945;;
359;2021-12-21;78.5147563109964;;
360;2021-12-22;78.57331286523687;;
361;2021-12-23;78.62338109222509;;
362;2021-12-24;78.63920678710214;;
363;2021-12-25;78.64034884755718;;
364;2021-12-26;78.64731541633294;;
365;2021-12-27;78.69243273708878;;
366;2021-12-28;78.74927768384207;;
367;2021-12-29;78.80839191955148;;
368;2021-12-30;78.8616312182967;;
369;2021-12-31;78.87948592447569;;
370;2022-01-01;78.88163359140933;;
371;2022-01-02;78.89066476817656;;
372;2022-01-03;78.9409243273709;;
373;2022-01-04;79.0020898223132;;
374;2022-01-05;79.09195069858504;;
375;2022-01-06;79.15742487615319;;
376;2022-01-07;79.2326866601406;;
377;2022-01-08;79.29940672184154;;
378;2022-01-09;79.32254160363087;;
379;2022-01-10;79.37482572454095;;
380;2022-01-11;79.4367105692504;;
381;2022-01-12;79.52610275577705;;
382;2022-01-13;79.58261843315239;;
383;2022-01-14;79.64563792233989;;
384;2022-01-15;79.70401056035122;;
385;2022-01-16;79.72089673993652;;
386;2022-01-17;79.75744860727953;;
387;2022-01-18;79.79919165850909;;
388;2022-01-19;79.86319747263505;;
389;2022-01-20;79.89810150989291;;
390;2022-01-21;79.9397570525941;;
391;2022-01-22;79.98070659428673;;
392;2022-01-23;79.99065290261339;;
393;2022-01-24;80.01470291596215;;
394;2022-01-25;80.04276645605292;;
395;2022-01-26;80.08448874254694;;
396;2022-01-27;80.10866334430898;;
397;2022-01-28;80.14056836047581;;
398;2022-01-29;80.16787250452374;;
399;2022-01-30;80.1744949719676;;
400;2022-01-31;80.19115422265729;;
401;2022-02-01;80.21043724600278;;
402;2022-02-02;80.24034143158019;;
403;2022-02-03;80.25671442555843;;
404;2022-02-04;80.27826822105544;;
405;2022-02-05;80.29736584497641;;
406;2022-02-06;80.30137937171843;;
407;2022-02-07;80.31538518584438;;
408;2022-02-08;80.32966984070481;;
409;2022-02-09;80.35074456408887;;
410;2022-02-10;80.36304470350925;;
411;2022-02-11;80.37902316751209;;
412;2022-02-12;80.3914197146332;;
413;2022-02-13;80.39423333629972;;
414;2022-02-14;80.40449556524577;;
415;2022-02-15;80.41468956720358;;
416;2022-02-16;80.42850849870962;;
417;2022-02-17;80.43650440509033;;
418;2022-02-18;80.44677849959953;;
419;2022-02-19;80.45472397733677;;
420;2022-02-20;80.45641333689301;;
421;2022-02-21;80.46239209753493;;
422;2022-02-22;80.46889145976091;;
423;2022-02-23;80.47856189374389;;
424;2022-02-24;80.48413722523806;;
425;2022-02-25;80.49187505561983;;
426;2022-02-26;80.49777224051496;;
427;2022-02-27;80.49906707009582;;
428;2022-02-28;80.503627895939;;
429;2022-03-01;80.50844234819495;;
430;2022-03-02;80.51608970365756;;
431;2022-03-03;80.52012696152592;;
432;2022-03-04;80.52486280442585;;
433;2022-03-05;80.52939989914272;;
434;2022-03-06;80.53015632879476;;
435;2022-03-07;80.53326213995432;;
436;2022-03-08;80.53623298033283;;
437;2022-03-09;80.5413841179437;;
438;2022-03-10;80.54393818041589;;
439;2022-03-11;80.54741924001068;;
440;2022-03-12;80.55136157337368;;
441;2022-03-13;80.551935569992;;
442;2022-03-14;80.55412476639673;;
443;2022-03-15;80.55650232861677;;
444;2022-03-16;80.56088368781704;;
445;2022-03-17;80.56293346385453;;
446;2022-03-18;80.56620835928925;;
447;2022-03-19;80.56959746076949;;
448;2022-03-20;80.57003203702055;;
449;2022-03-21;80.5720269348284;;
450;2022-03-22;80.57419981608378;;
451;2022-03-23;80.57812138471122;;
452;2022-03-24;80.5801355640592;;
453;2022-03-25;80.58317611462134;;
454;2022-03-26;80.58646584201003;;
455;2022-03-27;80.58699089318027;;
456;2022-03-28;80.58909109786123;;
457;2022-03-29;80.59120613449616;;
458;2022-03-30;80.59538577912254;;
459;2022-03-31;80.5977588917564;;
460;2022-04-01;80.60090178280086;;
461;2022-04-02;80.6031295422859;;
462;2022-04-03;80.60354038741063;;
463;2022-04-04;80.60563169291923;;
464;2022-04-05;80.60802853667943;;
465;2022-04-06;80.61106167126458;;
466;2022-04-07;80.61319005665807;;
467;2022-04-08;80.61618462816291;;
468;2022-04-09;80.61818842514313;;
469;2022-04-10;80.61860668624485;;
470;2022-04-11;80.62038058793866;;
471;2022-04-12;80.62272996944617;;
472;2022-04-13;80.62549761205541;;
473;2022-04-14;80.62763786301207;;
474;2022-04-15;80.6302942659666;;
475;2022-04-16;80.63182640681083;;
476;2022-04-17;80.63210079795913;;
477;2022-04-18;80.63233514283172;;
478;2022-04-19;80.63453323840882;;
479;2022-04-20;80.63738393996024;;
480;2022-04-21;80.63957461956038;;
481;2022-04-22;80.64228738393996;;
482;2022-04-23;80.64396042834683;;
483;2022-04-24;80.64432529441429;;
484;2022-04-25;80.64619857019964;;
485;2022-04-26;80.64852867016701;;
486;2022-04-27;80.65136750615527;;
487;2022-04-28;80.6536338287206;;
488;2022-04-29;80.65654237489247;;
489;2022-04-30;80.65831479339089;;
490;2022-05-01;80.65860846607931;;
491;2022-05-02;80.66038830055471;;
492;2022-05-03;80.66299130847497;;
493;2022-05-04;80.66569369048679;;
494;2022-05-05;80.66810239981015;;
495;2022-05-06;80.67116074871704;;
496;2022-05-07;80.6729138856753;;
497;2022-05-08;80.6732980332829;;
498;2022-05-09;80.67515944350508;;
499;2022-05-10;80.6775933671502;;
500;2022-05-11;80.68045445106938;;
501;2022-05-12;80.68270445848536;;
502;2022-05-13;80.68556702559995;;
503;2022-05-14;80.68724155320221;;
504;2022-05-15;80.6876360831776;;
505;2022-05-16;80.68935065705556;;
506;2022-05-17;80.69161994601168;;
507;2022-05-18;80.69420070600101;;
508;2022-05-19;80.69625641482008;;
509;2022-05-20;80.69897956156744;;
510;2022-05-21;80.70066298834209;;
511;2022-05-22;80.70099967369701;;
512;2022-05-23;80.70266381893151;;
513;2022-05-24;80.70487674646257;;
514;2022-05-25;80.7074975527276;;
515;2022-05-26;80.70775859511733;;
516;2022-05-27;80.70973124499422;;
517;2022-05-28;80.71068938922014;;
518;2022-05-29;80.7108970365756;;
519;2022-05-30;80.71234315208686;;
520;2022-05-31;80.7144848862389;;
521;2022-06-01;80.71675417519504;;
522;2022-06-02;80.7187802201062;;
523;2022-06-03;80.7211385007861;;
524;2022-06-04;80.72249414137819;;
525;2022-06-05;80.72272403666459;;
526;2022-06-06;80.72296283112337;;
527;2022-06-07;80.72488060277061;;
528;2022-06-08;80.72708018154312;;
529;2022-06-09;80.7289015454896;;
530;2022-06-10;80.73116193527335;;
531;2022-06-11;80.73250422710687;;
532;2022-06-12;80.73275637032422;;
533;2022-06-13;80.73426033045594;;
534;2022-06-14;80.73609800955178;;
535;2022-06-15;80.73818189908339;;
536;2022-06-16;80.73982824597313;;
537;2022-06-17;80.74187950520601;;
538;2022-06-18;80.74305864554596;;
539;2022-06-19;80.74328705763698;;
540;2022-06-20;80.74467977811396;;
541;2022-06-21;80.74640325116431;;
542;2020-12-27;;0.029107107157956242;
543;2020-12-28;;0.05056944197607663;
544;2020-12-29;;0.11022941694808841;
545;2020-12-30;;0.1865889406032059;
546;2020-12-31;;0.2461106565182453;
547;2021-01-01;;0.2767088160923435;
548;2021-01-02;;0.3336858502260375;
549;2021-01-03;;0.36059034757981273;
550;2021-01-04;;0.415814113844486;
551;2021-01-05;;0.4783620344634299;
552;2021-01-06;;0.5535523155763928;
553;2021-01-07;;0.618996525061224;
554;2021-01-08;;0.6939365096055301;
555;2021-01-09;;0.7661625642125418;
556;2021-01-10;;0.8088858047054348;
557;2021-01-11;;0.8908495877216231;
558;2021-01-12;;0.9853854098149223;
559;2021-01-13;;1.1193965764506852;
560;2021-01-14;;1.2196629980778058;
561;2021-01-15;;1.3279830097735685;
562;2021-01-16;;1.395747826016376;
563;2021-01-17;;1.4324067382172383;
564;2021-01-18;;1.512921184912061;
565;2021-01-19;;1.6128073941325074;
566;2021-01-20;;1.7069653875959767;
567;2021-01-21;;1.7838779474789836;
568;2021-01-22;;1.8658560331562382;
569;2021-01-23;;1.9144517079051917;
570;2021-01-24;;1.9450891997972217;
571;2021-01-25;;2.0074750235907497;
572;2021-01-26;;2.068686837288434;
573;2021-01-27;;2.1296912624006605;
574;2021-01-28;;2.185708826354503;
575;2021-01-29;;2.245167372183167;
576;2021-01-30;;2.286490143780003;
577;2021-01-31;;2.3172504001795176;
578;2021-02-01;;2.38685310836932;
579;2021-02-02;;2.464951597232392;
580;2021-02-03;;2.5419797702923503;
581;2021-02-04;;2.616054443842157;
582;2021-02-05;;2.6987941462211817;
583;2021-02-06;;2.753151409602933;
584;2021-02-07;;2.7868878113926203;
585;2021-02-08;;2.8500841193132276;
586;2021-02-09;;2.9218930129724776;
587;2021-02-10;;3.0146100133335367;
588;2021-02-11;;3.104821664231182;
589;2021-02-12;;3.200530304531902;
590;2021-02-13;;3.27449651623529;
591;2021-02-14;;3.321739397625074;
592;2021-02-15;;3.405380167651264;
593;2021-02-16;;3.498683577116033;
594;2021-02-17;;3.6124386000169175;
595;2021-02-18;;3.7219135515937687;
596;2021-02-19;;3.844862801783318;
597;2021-02-20;;3.9356799319994282;
598;2021-02-21;;4.004482883057951;
599;2021-02-22;;4.121674120279969;
600;2021-02-23;;4.25283071414462;
601;2021-02-24;;4.39309571933154;
602;2021-02-25;;4.549189002764955;
603;2021-02-26;;4.7238924320222235;
604;2021-02-27;;4.853202790720925;
605;2021-02-28;;4.947842307106953;
606;2021-03-01;;5.1259533453632224;
607;2021-03-02;;5.326132197756077;
608;2021-03-03;;5.538018970119965;
609;2021-03-04;;5.75561727180292;
610;2021-03-05;;6.004149845595027;
611;2021-03-06;;6.1879747969472065;
612;2021-03-07;;6.324291075791458;
613;2021-03-08;;6.546791614554822;
614;2021-03-09;;6.783075151032227;
615;2021-03-10;;7.047778075047994;
616;2021-03-11;;7.314658579211075;
617;2021-03-12;;7.62156746414451;
618;2021-03-13;;7.84950539788984;
619;2021-03-14;;8.010136200546478;
620;2021-03-15;;8.236927537629676;
621;2021-03-16;;8.369478640948273;
622;2021-03-17;;8.518318091444327;
623;2021-03-18;;8.659331602560371;
624;2021-03-19;;8.851924085146077;
625;2021-03-20;;9.052113664534732;
626;2021-03-21;;9.203025808996948;
627;2021-03-22;;9.43379566963337;
628;2021-03-23;;9.693702434638299;
629;2021-03-24;;9.994467134755418;
630;2021-03-25;;10.296095953978613;
631;2021-03-26;;10.637993915433443;
632;2021-03-27;;10.900230822303728;
633;2021-03-28;;11.071169076035343;
634;2021-03-29;;11.33089348211168;
635;2021-03-30;;11.614664237105416;
636;2021-03-31;;11.895797343020876;
637;2021-04-01;;12.185420270167494;
638;2021-04-02;;12.374538398002557;
639;2021-04-03;;12.57453012391313;
640;2021-04-04;;12.744871241545235;
641;2021-04-05;;12.95711200477051;
642;2021-04-06;;13.311719072471;
643;2021-04-07;;14.060548003359838;
644;2021-04-08;;14.813088474795332;
645;2021-04-09;;15.449954982970239;
646;2021-04-10;;15.81232481996436;
647;2021-04-11;;16.063285270472438;
648;2021-04-12;;16.4640756307554;
649;2021-04-13;;17.0958897239087;
650;2021-04-14;;17.95978475496282;
651;2021-04-15;;18.69074727840324;
652;2021-04-16;;19.29820989920307;
653;2021-04-17;;19.659006443479917;
654;2021-04-18;;19.930695025538057;
655;2021-04-19;;20.333204088925793;
656;2021-04-20;;20.961298298313487;
657;2021-04-21;;21.76715909020344;
658;2021-04-22;;22.45057718448327;
659;2021-04-23;;23.01519499217114;
660;2021-04-24;;23.376886644653045;
661;2021-04-25;;23.651963765495427;
662;2021-04-26;;24.084347512185005;
663;2021-04-27;;24.995624875574297;
664;2021-04-28;;26.224310469007975;
665;2021-04-29;;27.192718620137423;
666;2021-04-30;;27.947436671720233;
667;2021-05-01;;28.246357520448246;
668;2021-05-02;;28.47717267284471;
669;2021-05-03;;28.881865275821873;
670;2021-05-04;;29.75662794550939;
671;2021-05-05;;30.914584496194305;
672;2021-05-06;;31.84312636337882;
673;2021-05-07;;32.58966925227392;
674;2021-05-08;;32.90127417759073;
675;2021-05-09;;33.11507989031432;
676;2021-05-10;;33.60692575849783;
677;2021-05-11;;34.63985798125019;
678;2021-05-12;;35.94718437277903;
679;2021-05-13;;36.25625295953345;
680;2021-05-14;;36.875137447082984;
681;2021-05-15;;37.15424434268075;
682;2021-05-16;;37.34350907279174;
683;2021-05-17;;37.76503948350898;
684;2021-05-18;;38.429705597242716;
685;2021-05-19;;39.17092670433281;
686;2021-05-20;;39.74722621044642;
687;2021-05-21;;40.248557126693605;
688;2021-05-22;;40.47007316562025;
689;2021-05-23;;40.61638581266129;
690;2021-05-24;;40.78556722285862;
691;2021-05-25;;41.15660924001249;
692;2021-05-26;;41.86391277827272;
693;2021-05-27;;42.455539969495526;
694;2021-05-28;;42.9797670623327;
695;2021-05-29;;43.196357026410496;
696;2021-05-30;;43.318631667753095;
697;2021-05-31;;43.61534156345797;
698;2021-06-01;;44.21087934059393;
699;2021-06-02;;45.00297262931933;
700;2021-06-03;;45.340985034517864;
701;2021-06-04;;45.77655350707149;
702;2021-06-05;;45.93204369496328;
703;2021-06-06;;46.00769523689563;
704;2021-06-07;;46.29963996268865;
705;2021-06-08;;46.82605893833421;
706;2021-06-09;;47.513598582777924;
707;2021-06-10;;48.12321017840293;
708;2021-06-11;;48.67269577068286;
709;2021-06-12;;48.87119406040045;
710;2021-06-13;;48.952080376282986;
711;2021-06-14;;49.266599468792016;
712;2021-06-15;;49.79545824003777;
713;2021-06-16;;50.47012787329883;
714;2021-06-17;;51.04248818817715;
715;2021-06-18;;51.5328418120561;
716;2021-06-19;;51.708641778661764;
717;2021-06-20;;51.795703268459604;
718;2021-06-21;;52.08014505663502;
719;2021-06-22;;52.60104082133222;
720;2021-06-23;;53.2703636431314;
721;2021-06-24;;53.924543522526825;
722;2021-06-25;;54.42032262250351;
723;2021-06-26;;54.60407844432721;
724;2021-06-27;;54.70940204852962;
725;2021-06-28;;55.01986872040325;
726;2021-06-29;;55.547310336315036;
727;2021-06-30;;56.16746776069946;
728;2021-07-01;;56.721668463577515;
729;2021-07-02;;57.18837502116049;
730;2021-07-03;;57.38532266404083;
731;2021-07-04;;57.4972767435358;
732;2021-07-05;;57.74388203374925;
733;2021-07-06;;58.11171071971694;
734;2021-07-07;;58.5409013973235;
735;2021-07-08;;58.886466799453366;
736;2021-07-09;;59.1549730394243;
737;2021-07-10;;59.28020713971915;
738;2021-07-11;;59.36061431645598;
739;2021-07-12;;59.55311502363318;
740;2021-07-13;;59.802993239453926;
741;2021-07-14;;60.08875087244743;
742;2021-07-15;;60.3281500052604;
743;2021-07-16;;60.53206185219151;
744;2021-07-17;;60.638677463443564;
745;2021-07-18;;60.72024792328043;
746;2021-07-19;;60.84314115471414;
747;2021-07-20;;61.02090535343955;
748;2021-07-21;;61.234228351352165;
749;2021-07-22;;61.40583883015388;
750;2021-07-23;;61.5528165509345;
751;2021-07-24;;61.62811529389388;
752;2021-07-25;;61.671933879846755;
753;2021-07-26;;61.76951855252398;
754;2021-07-27;;61.91001835973007;
755;2021-07-28;;62.08107699419232;
756;2021-07-29;;62.226684043287435;
757;2021-07-30;;62.354740535366005;
758;2021-07-31;;62.425477921333716;
759;2021-08-01;;62.46703549494973;
760;2021-08-02;;62.551021912618346;
761;2021-08-03;;62.66622507995217;
762;2021-08-04;;62.808623565414784;
763;2021-08-05;;62.9333177402544;
764;2021-08-06;;63.04670566152126;
765;2021-08-07;;63.110453813781334;
766;2021-08-08;;63.14226531576921;
767;2021-08-09;;63.21649135914863;
768;2021-08-10;;63.32717726936241;
769;2021-08-11;;63.48026341830668;
770;2021-08-12;;63.63072741272215;
771;2021-08-13;;63.76576002773572;
772;2021-08-14;;63.846249444773676;
773;2021-08-15;;63.89083322309359;
774;2021-08-16;;63.992398803100876;
775;2021-08-17;;64.1398604305809;
776;2021-08-18;;64.31591069375523;
777;2021-08-19;;64.47956770111577;
778;2021-08-20;;64.62723790906966;
779;2021-08-21;;64.71397282143982;
780;2021-08-22;;64.76064955582908;
781;2021-08-23;;64.86997432946472;
782;2021-08-24;;65.0262046800667;
783;2021-08-25;;65.20644919859866;
784;2021-08-26;;65.37325517517058;
785;2021-08-27;;65.51761908464137;
786;2021-08-28;;65.60185460699023;
787;2021-08-29;;65.64487343581182;
788;2021-08-30;;65.74701946548072;
789;2021-08-31;;65.89773018079958;
790;2021-09-01;;66.05959697175001;
791;2021-09-02;;66.20579042994883;
792;2021-09-03;;66.32245604437668;
793;2021-09-04;;66.37950816748096;
794;2021-09-05;;66.41104553513173;
795;2021-09-06;;66.48816309982337;
796;2021-09-07;;66.60942821167238;
797;2021-09-08;;66.7453881158784;
798;2021-09-09;;66.87782360602004;
799;2021-09-10;;66.97978608487192;
800;2021-09-11;;67.0312101108467;
801;2021-09-12;;67.05834583455437;
802;2021-09-13;;67.13201645792907;
803;2021-09-14;;67.2550348376471;
804;2021-09-15;;67.39039283819992;
805;2021-09-16;;67.52637062073227;
806;2021-09-17;;67.63207920489505;
807;2021-09-18;;67.68139597213941;
808;2021-09-19;;67.70727544545012;
809;2021-09-20;;67.77026078912;
810;2021-09-21;;67.87629714259887;
811;2021-09-22;;67.99054799108339;
812;2021-09-23;;68.10832802118595;
813;2021-09-24;;68.19645148356796;
814;2021-09-25;;68.23498166059163;
815;2021-09-26;;68.25523303677282;
816;2021-09-27;;68.3110968471202;
817;2021-09-28;;68.40816781588747;
818;2021-09-29;;68.50614223607874;
819;2021-09-30;;68.5954301734492;
820;2021-10-01;;68.6480973390483;
821;2021-10-02;;68.66432370802781;
822;2021-10-03;;68.67079327838339;
823;2021-10-04;;68.709309152746;
824;2021-10-05;;68.77527660124817;
825;2021-10-06;;68.84499849828018;
826;2021-10-07;;68.91970606458216;
827;2021-10-08;;68.98883916873363;
828;2021-10-09;;69.00841712795629;
829;2021-10-10;;69.01653388811131;
830;2021-10-11;;69.05201640643948;
831;2021-10-12;;69.11211261257401;
832;2021-10-13;;69.17864859185356;
833;2021-10-14;;69.24526323576896;
834;2021-10-15;;69.30330820192893;
835;2021-10-16;;69.32191000453382;
836;2021-10-17;;69.3288420275972;
837;2021-10-18;;69.35956891112089;
838;2021-10-19;;69.41356026475704;
839;2021-10-20;;69.47211535916169;
840;2021-10-21;;69.53162634808093;
841;2021-10-22;;69.58081200759887;
842;2021-10-23;;69.59883455243059;
843;2021-10-24;;69.60459971672864;
844;2021-10-25;;69.63784386859997;
845;2021-10-26;;69.69103546510483;
846;2021-10-27;;69.74943203834934;
847;2021-10-28;;69.81028866929722;
848;2021-10-29;;69.86335273374091;
849;2021-10-30;;69.88232640553353;
850;2021-10-31;;69.88807488339368;
851;2021-11-01;;69.90430482803845;
852;2021-11-02;;69.94965141494855;
853;2021-11-03;;70.01202889552313;
854;2021-11-04;;70.07415965519431;
855;2021-11-05;;70.12856578600137;
856;2021-11-06;;70.15091488580559;
857;2021-11-07;;70.16057275769047;
858;2021-11-08;;70.19780377633398;
859;2021-11-09;;70.26495477003937;
860;2021-11-10;;70.33676366369862;
861;2021-11-11;;70.41325191130333;
862;2021-11-12;;70.47887132838622;
863;2021-11-13;;70.50973051152478;
864;2021-11-14;;70.52305105653102;
865;2021-11-15;;70.57433801533725;
866;2021-11-16;;70.65105748929585;
867;2021-11-17;;70.73469468365678;
868;2021-11-18;;70.82438428742552;
869;2021-11-19;;70.91390106737303;
870;2021-11-20;;70.96977798849305;
871;2021-11-21;;70.99045606072939;
872;2021-11-22;;71.06659866069167;
873;2021-11-23;;71.19004254457641;
874;2021-11-24;;71.34197971308171;
875;2021-11-25;;71.49415406738301;
876;2021-11-26;;71.63383504724305;
877;2021-11-27;;71.74377841096982;
878;2021-11-28;;71.78301537782785;
879;2021-11-29;;71.888948037014;
880;2021-11-30;;72.01856947859089;
881;2021-12-01;;72.15560446615372;
882;2021-12-02;;72.2848659574271;
883;2021-12-03;;72.40505241025404;
884;2021-12-04;;72.49342736109313;
885;2021-12-05;;72.52163578438076;
886;2021-12-06;;72.60497023908245;
887;2021-12-07;;72.70763354832657;
888;2021-12-08;;72.81996903211663;
889;2021-12-09;;72.92709238783654;
890;2021-12-10;;73.02598813777816;
891;2021-12-11;;73.1009138196614;
892;2021-12-12;;73.12317948727606;
893;2021-12-13;;73.18906946303079;
894;2021-12-14;;73.27878886401007;
895;2021-12-15;;73.40807300116349;
896;2021-12-16;;73.53038816671244;
897;2021-12-17;;73.6627223463382;
898;2021-12-18;;73.77746067718738;
899;2021-12-19;;73.83476071308348;
900;2021-12-20;;73.93986620170463;
901;2021-12-21;;74.06732913334896;
902;2021-12-22;;74.19386358391242;
903;2021-12-23;;74.28292506248266;
904;2021-12-24;;74.2931824542439;
905;2021-12-25;;74.29574859001686;
906;2021-12-26;;74.30352685385998;
907;2021-12-27;;74.3661975389864;
908;2021-12-28;;74.44484072085841;
909;2021-12-29;;74.52683072541988;
910;2021-12-30;;74.59382915740723;
911;2021-12-31;;74.60937376620925;
912;2022-01-01;;74.61201618284122;
913;2022-01-02;;74.63158579884492;
914;2022-01-03;;74.67863440242189;
915;2022-01-04;;74.74709528150325;
916;2022-01-05;;74.81903885855421;
917;2022-01-06;;74.88032576122248;
918;2022-01-07;;74.94787484566088;
919;2022-01-08;;75.00236798432276;
920;2022-01-09;;75.02466702481324;
921;2022-01-10;;75.06919120871204;
922;2022-01-11;;75.13396676879204;
923;2022-01-12;;75.20522024244656;
924;2022-01-13;;75.27467992402569;
925;2022-01-14;;75.34913361809376;
926;2022-01-15;;75.41909508469863;
927;2022-01-16;;75.44162535154302;
928;2022-01-17;;75.48873593331794;
929;2022-01-18;;75.54909554679377;
930;2022-01-19;;75.61892352189537;
931;2022-01-20;;75.68777653226762;
932;2022-01-21;;75.75126842851692;
933;2022-01-22;;75.79691060375573;
934;2022-01-23;;75.81272338745273;
935;2022-01-24;;75.84972437163076;
936;2022-01-25;;75.89917343849;
937;2022-01-26;;75.94861892968396;
938;2022-01-27;;75.9984124522972;
939;2022-01-28;;76.04429181333201;
940;2022-01-29;;76.07582202965226;
941;2022-01-30;;76.0864346041633;
942;2022-01-31;;76.11210788077697;
943;2022-02-01;;76.14254871107934;
944;2022-02-02;;76.17899189147579;
945;2022-02-03;;76.21321815940699;
946;2022-02-04;;76.24433955799843;
947;2022-02-05;;76.26383170125469;
948;2022-02-06;;76.27047767109674;
949;2022-02-07;;76.28575529689219;
950;2022-02-08;;76.31142261406376;
951;2022-02-09;;76.33521866641249;
952;2022-02-10;;76.35759875531569;
953;2022-02-11;;76.37840793527846;
954;2022-02-12;;76.39092037993446;
955;2022-02-13;;76.39452226674628;
956;2022-02-14;;76.40589288229383;
957;2022-02-15;;76.42305130801948;
958;2022-02-16;;76.438580422272;
959;2022-02-17;;76.45385685617903;
960;2022-02-18;;76.47313326763089;
961;2022-02-19;;76.48112964705525;
962;2022-02-20;;76.48396991716531;
963;2022-02-21;;76.49621537881474;
964;2022-02-22;;76.5101342518089;
965;2022-02-23;;76.52296254689679;
966;2022-02-24;;76.53655007490958;
967;2022-02-25;;76.54788493380448;
968;2022-02-26;;76.55382411381218;
969;2022-02-27;;76.55663220293484;
970;2022-02-28;;76.56710890216576;
971;2022-03-01;;76.57914697522973;
972;2022-03-02;;76.59216358868832;
973;2022-03-03;;76.60570582494108;
974;2022-03-04;;76.61923375853277;
975;2022-03-05;;76.6268678038768;
976;2022-03-06;;76.63199173220374;
977;2022-03-07;;76.64149346670533;
978;2022-03-08;;76.65244811319354;
979;2022-03-09;;76.66220252804064;
980;2022-03-10;;76.67239555782709;
981;2022-03-11;;76.68369108440405;
982;2022-03-12;;76.68904504719646;
983;2022-03-13;;76.6910033198741;
984;2022-03-14;;76.69684714880802;
985;2022-03-15;;76.70550145064144;
986;2022-03-16;;76.7132928252572;
987;2022-03-17;;76.72093759759704;
988;2022-03-18;;76.72861216714743;
989;2022-03-19;;76.73273133353447;
990;2022-03-20;;76.73488030835965;
991;2022-03-21;;76.7396550133789;
992;2022-03-22;;76.74798035400778;
993;2022-03-23;;76.7549254878438;
994;2022-03-24;;76.76209827236846;
995;2022-03-25;;76.76845580521234;
996;2022-03-26;;76.77183838455448;
997;2022-03-27;;76.77294207323341;
998;2022-03-28;;76.77692059678664;
999;2022-03-29;;76.78359874761608;
1000;2022-03-30;;76.78965830835443;
1001;2022-03-31;;76.79659271519465;
1002;2022-04-01;;76.80137218776757;
1003;2022-04-02;;76.80378933748774;
1004;2022-04-03;;76.80493116659619;
1005;2022-04-04;;76.807629601984;
1006;2022-04-05;;76.81264268468767;
1007;2022-04-06;;76.8193625516119;
1008;2022-04-07;;76.82400734079312;
1009;2022-04-08;;76.82831720932771;
1010;2022-04-09;;76.83018132281998;
1011;2022-04-10;;76.8308320938985;
1012;2022-04-11;;76.83312886288803;
1013;2022-04-12;;76.83615625948036;
1014;2022-04-13;;76.84133739845156;
1015;2022-04-14;;76.84457337551775;
1016;2022-04-15;;76.84494405281706;
1017;2022-04-16;;76.84551973492496;
1018;2022-04-17;;76.84578552604312;
1019;2022-04-18;;76.84599172274015;
1020;2022-04-19;;76.85135641252836;
1021;2022-04-20;;76.85384984310755;
1022;2022-04-21;;76.85638141411626;
1023;2022-04-22;;76.85924909766001;
1024;2022-04-23;;76.86062692067604;
1025;2022-04-24;;76.86107268694595;
1026;2022-04-25;;76.8633873342618;
1027;2022-04-26;;76.86933366560004;
1028;2022-04-27;;76.8723682135229;
1029;2022-04-28;;76.8753944182268;
1030;2022-04-29;;76.88438125693001;
1031;2022-04-30;;76.88576146372289;
1032;2022-05-01;;76.88606897093581;
1033;2022-05-02;;76.88770304996261;
1034;2022-05-03;;76.89121077758908;
1035;2022-05-04;;76.8942489011772;
1036;2022-05-05;;76.89792349318277;
1037;2022-05-06;;76.90023337294495;
1038;2022-05-07;;76.90123813488485;
1039;2022-05-08;;76.90148128012297;
1040;2022-05-09;;76.90271250086307;
1041;2022-05-10;;76.90552654942783;
1042;2022-05-11;;76.90762546493929;
1043;2022-05-12;;76.90987098272666;
1044;2022-05-13;;76.91158491827775;
1045;2022-05-14;;76.91236083764059;
1046;2022-05-15;;76.9126731124072;
1047;2022-05-16;;76.91381374962722;
1048;2022-05-17;;76.91650384179607;
1049;2022-05-18;;76.91809501283967;
1050;2022-05-19;;76.92011049616158;
1051;2022-05-20;;76.92173623196942;
1052;2022-05-21;;76.92256101875758;
1053;2022-05-22;;76.92276483167777;
1054;2022-05-23;;76.92382322859666;
1055;2022-05-24;;76.92663966093825;
1056;2022-05-25;;76.92883392752348;
1057;2022-05-26;;76.9290496593279;
1058;2022-05-27;;76.93015215611841;
1059;2022-05-28;;76.93089470260543;
1060;2022-05-29;;76.93116645316567;
1061;2022-05-30;;76.93219028532033;
1062;2022-05-31;;76.93393044241671;
1063;2022-06-01;;76.93545605959709;
1064;2022-06-02;;76.93712112772288;
1065;2022-06-03;;76.9388696280382;
1066;2022-06-04;;76.93941908860083;
1067;2022-06-05;;76.9394822586872;
1068;2022-06-06;;76.93955377199254;
1069;2022-06-07;;76.9408636573685;
1070;2022-06-08;;76.94225816682246;
1071;2022-06-09;;76.94399355636514;
1072;2022-06-10;;76.94550129521919;
1073;2022-06-11;;76.94631773878838;
1074;2022-06-12;;76.94655969213808;
1075;2022-06-13;;76.9475120109874;
1076;2022-06-14;;76.94900663906881;
1077;2022-06-15;;76.95117110844348;
1078;2022-06-16;;76.95229505922559;
1079;2022-06-17;;76.95346310987932;
1080;2022-06-18;;76.95406143786725;
1081;2022-06-19;;76.95446072048868;
1082;2022-06-20;;76.95542615011065;
1083;2020-12-27;;;0.012173774846390368
1084;2020-12-28;;;0.014666839364531272
1085;2020-12-29;;;0.01648735624522021
1086;2020-12-30;;;0.02458277571376147
1087;2020-12-31;;;0.06756950278735381
1088;2021-01-01;;;0.08624678015747918
1089;2021-01-02;;;0.15098031852286806
1090;2021-01-03;;;0.21042292793746487
1091;2021-01-04;;;0.3257747868881239
1092;2021-01-05;;;0.4587304974230244
1093;2021-01-06;;;0.5667141497446531
1094;2021-01-07;;;0.7202123806047797
1095;2021-01-08;;;0.8808883181473678
1096;2021-01-09;;;1.0271094510485623
1097;2021-01-10;;;1.128049574910965
1098;2021-01-11;;;1.2642272193247917
1099;2021-01-12;;;1.4026361978953865
1100;2021-01-13;;;1.5608339796113042
1101;2021-01-14;;;1.7175127313184944
1102;2021-01-15;;;1.8683340237990091
1103;2021-01-16;;;1.9778913713314246
1104;2021-01-17;;;2.0352931465358224
1105;2021-01-18;;;2.1009079542192515
1106;2021-01-19;;;2.153644965514623
1107;2021-01-20;;;2.198253426915963
1108;2021-01-21;;;2.225784810498356
1109;2021-01-22;;;2.2477933521515254
1110;2021-01-23;;;2.2578119928197755
1111;2021-01-24;;;2.2632139086959597
1112;2021-01-25;;;2.2713573672814618
1113;2021-01-26;;;2.2785831130808845
1114;2021-01-27;;;2.2892014144505075
1115;2021-01-28;;;2.2974111338869903
1116;2021-01-29;;;2.3059239967167087
1117;2021-01-30;;;2.312919486058974
1118;2021-01-31;;;2.3173374282980976
1119;2021-02-01;;;2.324599617565559
1120;2021-02-02;;;2.3353885406264574
1121;2021-02-03;;;2.350507610298931
1122;2021-02-04;;;2.373152256121513
1123;2021-02-05;;;2.4030209912222427
1124;2021-02-06;;;2.427421549595808
1125;2021-02-07;;;2.443267832107792
1126;2021-02-08;;;2.4879591195728574
1127;2021-02-09;;;2.5452648165433334
1128;2021-02-10;;;2.6200815999066784
1129;2021-02-11;;;2.7118876654614206
1130;2021-02-12;;;2.8097797901787205
1131;2021-02-13;;;2.8862497817740285
1132;2021-02-14;;;2.9316831907700753
1133;2021-02-15;;;3.026055207779037
1134;2021-02-16;;;3.1342227339621367
1135;2021-02-17;;;3.2521156965478974
1136;2021-02-18;;;3.3887671060462345
1137;2021-02-19;;;3.5326608265567394
1138;2021-02-20;;;3.6554024269129974
1139;2021-02-21;;;3.736575282406646
1140;2021-02-22;;;3.9036304833773805
1141;2021-02-23;;;4.071853531846647
1142;2021-02-24;;;4.261657739480258
1143;2021-02-25;;;4.454963833088187
1144;2021-02-26;;;4.6600063799260365
1145;2021-02-27;;;4.850870761175336
1146;2021-02-28;;;4.967322550252271
1147;2021-03-01;;;5.152326159232346
1148;2021-03-02;;;5.370551302372763
1149;2021-03-03;;;5.6121284259199795
1150;2021-03-04;;;5.863170912029759
1151;2021-03-05;;;6.119086883729152
1152;2021-03-06;;;6.350073866768413
1153;2021-03-07;;;6.487276897851162
1154;2021-03-08;;;6.71061240912345
1155;2021-03-09;;;6.953605858360374
1156;2021-03-10;;;7.221269878938609
1157;2021-03-11;;;7.495430775955481
1158;2021-03-12;;;7.7475384052447716
1159;2021-03-13;;;7.961476471326751
1160;2021-03-14;;;8.08190888102634
1161;2021-03-15;;;8.256340571232478
1162;2021-03-16;;;8.369361704749897
1163;2021-03-17;;;8.51018920438128
1164;2021-03-18;;;8.650201695545602
1165;2021-03-19;;;8.812307210948095
1166;2021-03-20;;;9.00147034484847
1167;2021-03-21;;;9.143092974691617
1168;2021-03-22;;;9.359580427015072
1169;2021-03-23;;;9.617328511244077
1170;2021-03-24;;;9.902346248694101
1171;2021-03-25;;;10.212662379048478
1172;2021-03-26;;;10.53485742346238
1173;2021-03-27;;;10.82344165121643
1174;2021-03-28;;;11.02700823759869
1175;2021-03-29;;;11.322211924365691
1176;2021-03-30;;;11.644602438289986
1177;2021-03-31;;;12.003398320264237
1178;2021-04-01;;;12.332214480212365
1179;2021-04-02;;;12.671233154690213
1180;2021-04-03;;;12.953116753888862
1181;2021-04-04;;;13.078901383826398
1182;2021-04-05;;;13.30026729130329
1183;2021-04-06;;;13.649725362853117
1184;2021-04-07;;;14.056121383650476
1185;2021-04-08;;;14.47194632354236
1186;2021-04-09;;;14.894360905064252
1187;2021-04-10;;;15.313860009143003
1188;2021-04-11;;;15.58083491687104
1189;2021-04-12;;;15.921854669048502
1190;2021-04-13;;;16.29136161758375
1191;2021-04-14;;;16.693225396174043
1192;2021-04-15;;;17.114314760676326
1193;2021-04-16;;;17.581556464407793
1194;2021-04-17;;;18.03990596193768
1195;2021-04-18;;;18.35179081793902
1196;2021-04-19;;;18.72308349640819
1197;2021-04-20;;;19.115973899254453
1198;2021-04-21;;;19.539061028413794
1199;2021-04-22;;;19.977818848830026
1200;2021-04-23;;;20.435759185605107
1201;2021-04-24;;;20.88876971506724
1202;2021-04-25;;;21.254937116713073
1203;2021-04-26;;;21.69167563769567
1204;2021-04-27;;;22.12777474146631
1205;2021-04-28;;;22.576208302646968
1206;2021-04-29;;;23.16722196296744
1207;2021-04-30;;;23.73080031793944
1208;2021-05-01;;;24.20283765076062
1209;2021-05-02;;;24.622123063594962
1210;2021-05-03;;;25.105756045337728
1211;2021-05-04;;;25.62932609848771
1212;2021-05-05;;;26.194327405234517
1213;2021-05-06;;;26.771822195433696
1214;2021-05-07;;;27.362970033977405
1215;2021-05-08;;;27.905447620954668
1216;2021-05-09;;;28.331049349408723
1217;2021-05-10;;;28.817950647626102
1218;2021-05-11;;;29.31952541129311
1219;2021-05-12;;;29.859839581485865
1220;2021-05-13;;;30.433752972689547
1221;2021-05-14;;;31.01846688260305
1222;2021-05-15;;;31.621255096142754
1223;2021-05-16;;;32.074050277839206
1224;2021-05-17;;;32.52712541163104
1225;2021-05-18;;;32.99516390209555
1226;2021-05-19;;;33.50405883327463
1227;2021-05-20;;;34.021171766496565
1228;2021-05-21;;;34.56696736558668
1229;2021-05-22;;;35.101828267743734
1230;2021-05-23;;;35.518468216102676
1231;2021-05-24;;;35.974881240262654
1232;2021-05-25;;;36.42315246235841
1233;2021-05-26;;;36.902158780181466
1234;2021-05-27;;;37.41599014475859
1235;2021-05-28;;;37.95430655029428
1236;2021-05-29;;;38.48509075359476
1237;2021-05-30;;;38.909238056369794
1238;2021-05-31;;;39.4525124300801
1239;2021-06-01;;;40.00914830439062
1240;2021-06-02;;;40.575155119551056
1241;2021-06-03;;;41.3489824677267
1242;2021-06-04;;;42.190808357699794
1243;2021-06-05;;;43.020848098804734
1244;2021-06-06;;;43.7349131289598
1245;2021-06-07;;;44.493838411749934
1246;2021-06-08;;;45.26171387898625
1247;2021-06-09;;;46.046000502489164
1248;2021-06-10;;;46.88452991512598
1249;2021-06-11;;;47.69680346556178
1250;2021-06-12;;;48.46697155824202
1251;2021-06-13;;;49.06208345219564
1252;2021-06-14;;;49.61687230528508
1253;2021-06-15;;;50.154090437215764
1254;2021-06-16;;;50.68793423531027
1255;2021-06-17;;;51.219140851535755
1256;2021-06-18;;;51.74801177276418
1257;2021-06-19;;;52.240435912910776
1258;2021-06-20;;;52.61557834682192
1259;2021-06-21;;;53.087456653600746
1260;2021-06-22;;;53.568273549176844
1261;2021-06-23;;;54.033573809974584
1262;2021-06-24;;;54.52318849003961
1263;2021-06-25;;;54.99419712314932
1264;2021-06-26;;;55.43815642036752
1265;2021-06-27;;;55.79241177752833
1266;2021-06-28;;;56.23470958390819
1267;2021-06-29;;;56.64491891667948
1268;2021-06-30;;;57.054132680164784
1269;2021-07-01;;;57.42247675076533
1270;2021-07-02;;;57.756318796260324
1271;2021-07-03;;;58.03308871428455
1272;2021-07-04;;;58.26597738374695
1273;2021-07-05;;;58.54786429598815
1274;2021-07-06;;;58.82165081919698
1275;2021-07-07;;;59.06665859830371
1276;2021-07-08;;;59.25940313119958
1277;2021-07-09;;;59.44209920604426
1278;2021-07-10;;;59.61123334121451
1279;2021-07-11;;;59.70951309191005
1280;2021-07-12;;;59.86041721045429
1281;2021-07-13;;;60.00812258641744
1282;2021-07-14;;;60.17093543640415
1283;2021-07-15;;;60.34139313207273
1284;2021-07-16;;;60.50260909555082
1285;2021-07-17;;;60.6384968487416
1286;2021-07-18;;;60.78244854749671
1287;2021-07-19;;;60.985642416592206
1288;2021-07-20;;;61.1862885559675
1289;2021-07-21;;;61.41125077113136
1290;2021-07-22;;;61.6538466552624
1291;2021-07-23;;;61.92205567133995
1292;2021-07-24;;;62.12193318484387
1293;2021-07-25;;;62.26002079828721
1294;2021-07-26;;;62.50497059914933
1295;2021-07-27;;;62.7496901435543
1296;2021-07-28;;;63.022519197466465
1297;2021-07-29;;;63.32705406857279
1298;2021-07-30;;;63.644410414343845
1299;2021-07-31;;;63.9065681582056
1300;2021-08-01;;;64.09506371403235
1301;2021-08-02;;;64.35501497155646
1302;2021-08-03;;;64.61713130238634
1303;2021-08-04;;;64.91633880107385
1304;2021-08-05;;;65.21910285093772
1305;2021-08-06;;;65.54188596040407
1306;2021-08-07;;;65.80283444373543
1307;2021-08-08;;;65.99054646499934
1308;2021-08-09;;;66.30127838219362
1309;2021-08-10;;;66.61086564318721
1310;2021-08-11;;;66.90841496407891
1311;2021-08-12;;;67.2163390777129
1312;2021-08-13;;;67.48193575974054
1313;2021-08-14;;;67.59322251548355
1314;2021-08-15;;;67.64040024138166
1315;2021-08-16;;;67.85627312431227
1316;2021-08-17;;;68.0773441710023
1317;2021-08-18;;;68.3152819173094
1318;2021-08-19;;;68.52912059211492
1319;2021-08-20;;;68.7249578502303
1320;2021-08-21;;;68.85777772602069
1321;2021-08-22;;;68.94031721156581
1322;2021-08-23;;;69.1887208592853
1323;2021-08-24;;;69.41822359926259
1324;2021-08-25;;;69.63747081602938
1325;2021-08-26;;;69.84169835440017
1326;2021-08-27;;;70.03638433022977
1327;2021-08-28;;;70.19640925491147
1328;2021-08-29;;;70.30956456665213
1329;2021-08-30;;;70.57085429336604
1330;2021-08-31;;;70.81049991310718
1331;2021-09-01;;;71.03545881522848
1332;2021-09-02;;;71.23755606724025
1333;2021-09-03;;;71.43184116492142
1334;2021-09-04;;;71.5974701010748
1335;2021-09-05;;;71.69901485520239
1336;2021-09-06;;;71.87834653533854
1337;2021-09-07;;;72.04028142904976
1338;2021-09-08;;;72.19701981552284
1339;2021-09-09;;;72.3418842575002
1340;2021-09-10;;;72.48455215226757
1341;2021-09-11;;;72.60460190555274
1342;2021-09-12;;;72.68422922669727
1343;2021-09-13;;;72.8059454403846
1344;2021-09-14;;;72.92281632934399
1345;2021-09-15;;;73.03657461482857
1346;2021-09-16;;;73.14082446819745
1347;2021-09-17;;;73.26613367652921
1348;2021-09-18;;;73.41045312300726
1349;2021-09-19;;;73.50075506724474
1350;2021-09-20;;;73.64306515341681
1351;2021-09-21;;;73.79054689900791
1352;2021-09-22;;;73.94256751289117
1353;2021-09-23;;;74.09382612698816
1354;2021-09-24;;;74.2506639047377
1355;2021-09-25;;;74.39636323343743
1356;2021-09-26;;;74.48953758556492
1357;2021-09-27;;;74.62929165941041
1358;2021-09-28;;;74.76381609559228
1359;2021-09-29;;;74.89718593644581
1360;2021-09-30;;;75.0425489913268
1361;2021-10-01;;;75.15655906804511
1362;2021-10-02;;;75.26161896031722
1363;2021-10-03;;;75.31736918381092
1364;2021-10-04;;;75.41318900041381
1365;2021-10-05;;;75.50791385645425
1366;2021-10-06;;;75.60484354231106
1367;2021-10-07;;;75.70545070539728
1368;2021-10-08;;;75.81284629266646
1369;2021-10-09;;;75.90517416242267
1370;2021-10-10;;;75.95261361868215
1371;2021-10-11;;;76.05191212996152
1372;2021-10-12;;;76.15776880896667
1373;2021-10-13;;;76.27422888064997
1374;2021-10-14;;;76.40980686436244
1375;2021-10-15;;;76.53730433729781
1376;2021-10-16;;;76.63228926717835
1377;2021-10-17;;;76.68482086983568
1378;2021-10-18;;;76.77131944122688
1379;2021-10-19;;;76.84222517786111
1380;2021-10-20;;;76.90673508585444
1381;2021-10-21;;;76.96617603874776
1382;2021-10-22;;;77.02290029675088
1383;2021-10-23;;;77.06305934200888
1384;2021-10-24;;;77.08360683189792
1385;2021-10-25;;;77.12823020199073
1386;2021-10-26;;;77.16862281674844
1387;2021-10-27;;;77.20844393166644
1388;2021-10-28;;;77.24666484703326
1389;2021-10-29;;;77.28178144153165
1390;2021-10-30;;;77.31150771580278
1391;2021-10-31;;;77.32570244660407
1392;2021-11-01;;;77.33601097849535
1393;2021-11-02;;;77.36661023947815
1394;2021-11-03;;;77.39827961320427
1395;2021-11-04;;;77.43087663884413
1396;2021-11-05;;;77.46451230332309
1397;2021-11-06;;;77.49361075603117
1398;2021-11-07;;;77.50671549583384
1399;2021-11-08;;;77.54048368201477
1400;2021-11-09;;;77.57281897729325
1401;2021-11-10;;;77.6064761765488
1402;2021-11-11;;;77.64056572785698
1403;2021-11-12;;;77.67438195315486
1404;2021-11-13;;;77.70570345741335
1405;2021-11-14;;;77.71871046246082
1406;2021-11-15;;;77.75106066643076
1407;2021-11-16;;;77.78278470535895
1408;2021-11-17;;;77.81440272692556
1409;2021-11-18;;;77.85007259952964
1410;2021-11-19;;;77.88552049828293
1411;2021-11-20;;;77.9164129635313
1412;2021-11-21;;;77.93133490717211
1413;2021-11-22;;;77.96872921842295
1414;2021-11-23;;;78.0049854995582
1415;2021-11-24;;;78.042005437001
1416;2021-11-25;;;78.08742890686939
1417;2021-11-26;;;78.13662924524368
1418;2021-11-27;;;78.18606480963895
1419;2021-11-28;;;78.21159842856429
1420;2021-11-29;;;78.26788039538711
1421;2021-11-30;;;78.32281892345631
1422;2021-12-01;;;78.37659623011207
1423;2021-12-02;;;78.43235473621216
1424;2021-12-03;;;78.49045887643695
1425;2021-12-04;;;78.54450288301791
1426;2021-12-05;;;78.58319093738415
1427;2021-12-06;;;78.6573434557164
1428;2021-12-07;;;78.72864841397778
1429;2021-12-08;;;78.76821442461952
1430;2021-12-09;;;78.8322654762198
1431;2021-12-10;;;78.89269537231401
1432;2021-12-11;;;78.9460419834384
1433;2021-12-12;;;78.98149319523424
1434;2021-12-13;;;79.03634061463333
1435;2021-12-14;;;79.0910737340645
1436;2021-12-15;;;79.14292781952055
1437;2021-12-16;;;79.2194077502435
1438;2021-12-17;;;79.28766305283851
1439;2021-12-18;;;79.37551665863226
1440;2021-12-19;;;79.43828059320225
1441;2021-12-20;;;79.5074883955301
1442;2021-12-21;;;79.57562774163588
1443;2021-12-22;;;79.64549815247354
1444;2021-12-23;;;79.7163425978206
1445;2021-12-24;;;79.74153000379957
1446;2021-12-25;;;79.74423841608339
1447;2021-12-26;;;79.77241749948412
1448;2021-12-27;;;79.85565272396454
1449;2021-12-28;;;79.95527260037115
1450;2021-12-29;;;80.05648770676513
1451;2021-12-30;;;80.1491236894784
1452;2021-12-31;;;80.18505860548639
1453;2022-01-01;;;80.19396737690072
1454;2022-01-02;;;80.26663233912846
1455;2022-01-03;;;80.37621287795872
1456;2022-01-04;;;80.50421393336156
1457;2022-01-05;;;80.62424877795527
1458;2022-01-06;;;80.70144101282627
1459;2022-01-07;;;80.82864196845351
1460;2022-01-08;;;80.96788749026773
1461;2022-01-09;;;81.0742046821872
1462;2022-01-10;;;81.19179284485845
1463;2022-01-11;;;81.32884016294139
1464;2022-01-12;;;81.46117633451964
1465;2022-01-13;;;81.5847627607259
1466;2022-01-14;;;81.7145793634456
1467;2022-01-15;;;81.87747338297474
1468;2022-01-16;;;81.98663316540129
1469;2022-01-17;;;82.08421552064024
1470;2022-01-18;;;82.1828447973247
1471;2022-01-19;;;82.27392033699739
1472;2022-01-20;;;82.3639406726182
1473;2022-01-21;;;82.45433041248324
1474;2022-01-22;;;82.57055857118812
1475;2022-01-23;;;82.63804359139047
1476;2022-01-24;;;82.70530166817821
1477;2022-01-25;;;82.77344598384782
1478;2022-01-26;;;82.83930098711606
1479;2022-01-27;;;82.9058699510536
1480;2022-01-28;;;82.9731777234796
1481;2022-01-29;;;83.05822352571305
1482;2022-01-30;;;83.11867164354128
1483;2022-01-31;;;83.17962334383695
1484;2022-02-01;;;83.23537025428811
1485;2022-02-02;;;83.28522823160837
1486;2022-02-03;;;83.33231650535767
1487;2022-02-04;;;83.38051961792469
1488;2022-02-05;;;83.44019745336027
1489;2022-02-06;;;83.47439136550875
1490;2022-02-07;;;83.50891326886959
1491;2022-02-08;;;83.54511819784533
1492;2022-02-09;;;83.57762742785764
1493;2022-02-10;;;83.60787384980895
1494;2022-02-11;;;83.63840353689821
1495;2022-02-12;;;83.67273494031248
1496;2022-02-13;;;83.68944592692975
1497;2022-02-14;;;83.70774220440674
1498;2022-02-15;;;83.72916102448619
1499;2022-02-16;;;83.74684273257033
1500;2022-02-17;;;83.76253495860378
1501;2022-02-18;;;83.77967664075243
1502;2022-02-19;;;83.79736000535786
1503;2022-02-20;;;83.80447145118933
1504;2022-02-21;;;83.81569272630288
1505;2022-02-22;;;83.82730494043722
1506;2022-02-23;;;83.8382181025937
1507;2022-02-24;;;83.84901696478224
1508;2022-02-25;;;83.85902400980157
1509;2022-02-26;;;83.86905921568257
1510;2022-02-27;;;83.87320217539012
1511;2022-02-28;;;83.88236273803817
1512;2022-03-01;;;83.89281373075907
1513;2022-03-02;;;83.90138125879085
1514;2022-03-03;;;83.91119283429978
1515;2022-03-04;;;83.91969410148059
1516;2022-03-05;;;83.92830801210805
1517;2022-03-06;;;83.93113569392364
1518;2022-03-07;;;83.93760606602189
1519;2022-03-08;;;83.94436467282189
1520;2022-03-09;;;83.95028011029318
1521;2022-03-10;;;83.95706687795484
1522;2022-03-11;;;83.96409052815878
1523;2022-03-12;;;83.97088392190555
1524;2022-03-13;;;83.97317323430693
1525;2022-03-14;;;83.97885510227852
1526;2022-03-15;;;83.9847241571541
1527;2022-03-16;;;83.99019067735999
1528;2022-03-17;;;83.99586094968265
1529;2022-03-18;;;84.00133906553746
1530;2022-03-19;;;84.00677576836041
1531;2022-03-20;;;84.00824510273091
1532;2022-03-21;;;84.01244107111924
1533;2022-03-22;;;84.01643825695464
1534;2022-03-23;;;84.02036421237524
1535;2022-03-24;;;84.02468276333789
1536;2022-03-25;;;84.02877105784339
1537;2022-03-26;;;84.03337950002908
1538;2022-03-27;;;84.03469809096359
1539;2022-03-28;;;84.03784051182134
1540;2022-03-29;;;84.0411253935087
1541;2022-03-30;;;84.0443489839089
1542;2022-03-31;;;84.04763552211753
1543;2022-04-01;;;84.04996956059333
1544;2022-04-02;;;84.05262662071763
1545;2022-04-03;;;84.05331407704656
1546;2022-04-04;;;84.0551180287145
1547;2022-04-05;;;84.0572433455097
1548;2022-04-06;;;84.05949455792177
1549;2022-04-07;;;84.0617606790253
1550;2022-04-08;;;84.0642819044051
1551;2022-04-09;;;84.06682135151894
1552;2022-04-10;;;84.06749389915639
1553;2022-04-11;;;84.06962584203669
1554;2022-04-12;;;84.07169649362983
1555;2022-04-13;;;84.073972553861
1556;2022-04-14;;;84.07642586186856
1557;2022-04-15;;;84.07836233523847
1558;2022-04-16;;;84.07969417834316
1559;2022-04-17;;;84.07975878267287
1560;2022-04-18;;;84.07983829569405
1561;2022-04-19;;;84.08197189509562
1562;2022-04-20;;;84.08407567711426
1563;2022-04-21;;;84.08608835046279
1564;2022-04-22;;;84.08821532377925
1565;2022-04-23;;;84.09017995801084
1566;2022-04-24;;;84.0905526752976
1567;2022-04-25;;;84.09067028830809
1568;2022-04-26;;;84.09263326601838
1569;2022-04-27;;;84.09450513505858
1570;2022-04-28;;;84.09609870852466
1571;2022-04-29;;;84.09813126012848
1572;2022-04-30;;;84.10008595523242
1573;2022-05-01;;;84.10019694215781
1574;2022-05-02;;;84.10141448529457
1575;2022-05-03;;;84.1027976805588
1576;2022-05-04;;;84.10437303229085
1577;2022-05-05;;;84.10583077101242
1578;2022-05-06;;;84.1072620053936
1579;2022-05-07;;;84.10874624845556
1580;2022-05-08;;;84.10916700485929
1581;2022-05-09;;;84.11024043064518
1582;2022-05-10;;;84.11149110420743
1583;2022-05-11;;;84.1128776125142
1584;2022-05-12;;;84.11397422959793
1585;2022-05-13;;;84.1153607379047
1586;2022-05-14;;;84.11687148530704
1587;2022-05-15;;;84.11725414172146
1588;2022-05-16;;;84.11820332841175
1589;2022-05-17;;;84.11936454982519
1590;2022-05-18;;;84.12079744072764
1591;2022-05-19;;;84.1221972012046
1592;2022-05-20;;;84.12343462259666
1593;2022-05-21;;;84.12469026572275
1594;2022-05-22;;;84.12498181346706
1595;2022-05-23;;;84.12564607849814
1596;2022-05-24;;;84.12659195214589
1597;2022-05-25;;;84.1278061822401
1598;2022-05-26;;;84.12892433410039
1599;2022-05-27;;;84.1301269685457
1600;2022-05-28;;;84.13127659431021
1601;2022-05-29;;;84.13159961595873
1602;2022-05-30;;;84.13245935050021
1603;2022-05-31;;;84.13339859806285
1604;2022-06-01;;;84.13430968476383
1605;2022-06-02;;;84.13436766300845
1606;2022-06-03;;;84.13511641062452
1607;2022-06-04;;;84.1359827712511
1608;2022-06-05;;;84.13607387992118
1609;2022-06-06;;;84.1367099840906
1610;2022-06-07;;;84.13757303167462
1611;2022-06-08;;;84.13847252272669
1612;2022-06-09;;;84.139439931151
1613;2022-06-10;;;84.1403493613307
1614;2022-06-11;;;84.14133499148905
1615;2022-06-12;;;84.14148242188247
1616;2022-06-13;;;84.1420853956264
1617;2022-06-14;;;84.14296335190188
1618;2022-06-15;;;84.14396886031551
1619;2022-06-16;;;84.14481865572934
1620;2022-06-17;;;84.1456469163666
1621;2022-06-18;;;84.1464006335465
1622;2022-06-19;;;84.14646192483366
1623;2022-06-20;;;84.14709471596052
1624;2022-06-21;;;84.1479345722467
1625;2022-06-22;;;84.1483371069164
