;date;Germany;Italy;Spain
0;2020-01-27;1.0;;
1;2020-01-28;4.0;;
2;2020-01-29;4.0;;
3;2020-01-30;4.0;;
4;2020-01-31;5.0;;
5;2020-02-01;8.0;;
6;2020-02-02;10.0;;
7;2020-02-03;12.0;;
8;2020-02-04;12.0;;
9;2020-02-05;12.0;;
10;2020-02-06;12.0;;
11;2020-02-07;13.0;;
12;2020-02-08;13.0;;
13;2020-02-09;14.0;;
14;2020-02-10;14.0;;
15;2020-02-11;16.0;;
16;2020-02-12;16.0;;
17;2020-02-13;16.0;;
18;2020-02-14;16.0;;
19;2020-02-15;16.0;;
20;2020-02-16;16.0;;
21;2020-02-17;16.0;;
22;2020-02-18;16.0;;
23;2020-02-19;16.0;;
24;2020-02-20;16.0;;
25;2020-02-21;16.0;;
26;2020-02-22;16.0;;
27;2020-02-23;16.0;;
28;2020-02-24;16.0;;
29;2020-02-25;16.0;;
30;2020-02-26;21.0;;
31;2020-02-27;26.0;;
32;2020-02-28;53.0;;
33;2020-02-29;66.0;;
34;2020-03-01;117.0;;
35;2020-03-02;150.0;;
36;2020-03-03;188.0;;
37;2020-03-04;240.0;;
38;2020-03-05;349.0;;
39;2020-03-06;534.0;;
40;2020-03-07;684.0;;
41;2020-03-08;847.0;;
42;2020-03-09;1112.0;;
43;2020-03-10;1296.0;;
44;2020-03-11;1567.0;;
45;2020-03-12;2369.0;;
46;2020-03-13;3062.0;;
47;2020-03-14;3795.0;;
48;2020-03-15;4838.0;;
49;2020-03-16;6012.0;;
50;2020-03-17;7156.0;;
51;2020-03-18;8198.0;;
52;2020-03-19;10999.0;;
53;2020-03-20;13957.0;;
54;2020-03-21;16662.0;;
55;2020-03-22;18610.0;;
56;2020-03-23;22672.0;;
57;2020-03-24;27436.0;;
58;2020-03-25;31554.0;;
59;2020-03-26;36508.0;;
60;2020-03-27;42288.0;;
61;2020-03-28;48582.0;;
62;2020-03-29;52547.0;;
63;2020-03-30;57298.0;;
64;2020-03-31;61913.0;;
65;2020-04-01;67366.0;;
66;2020-04-02;73522.0;;
67;2020-04-03;79696.0;;
68;2020-04-04;85778.0;;
69;2020-04-05;91714.0;;
70;2020-04-06;95391.0;;
71;2020-04-07;99225.0;;
72;2020-04-08;103228.0;;
73;2020-04-09;108202.0;;
74;2020-04-10;113525.0;;
75;2020-04-11;117658.0;;
76;2020-04-12;120479.0;;
77;2020-04-13;123016.0;;
78;2020-04-14;125098.0;;
79;2020-04-15;127584.0;;
80;2020-04-16;130450.0;;
81;2020-04-17;133830.0;;
82;2020-04-18;137439.0;;
83;2020-04-19;139897.0;;
84;2020-04-20;141672.0;;
85;2020-04-21;143457.0;;
86;2020-04-22;145694.0;;
87;2020-04-23;148046.0;;
88;2020-04-24;150383.0;;
89;2020-04-25;152438.0;;
90;2020-04-26;154175.0;;
91;2020-04-27;155193.0;;
92;2020-04-28;156337.0;;
93;2020-04-29;157641.0;;
94;2020-04-30;159119.0;;
95;2020-05-01;160758.0;;
96;2020-05-02;161703.0;;
97;2020-05-03;162496.0;;
98;2020-05-04;163175.0;;
99;2020-05-05;163860.0;;
100;2020-05-06;164807.0;;
101;2020-05-07;166091.0;;
102;2020-05-08;167300.0;;
103;2020-05-09;168551.0;;
104;2020-05-10;169218.0;;
105;2020-05-11;169575.0;;
106;2020-05-12;170508.0;;
107;2020-05-13;171306.0;;
108;2020-05-14;172239.0;;
109;2020-05-15;173152.0;;
110;2020-05-16;173772.0;;
111;2020-05-17;174355.0;;
112;2020-05-18;174697.0;;
113;2020-05-19;175210.0;;
114;2020-05-20;176007.0;;
115;2020-05-21;176752.0;;
116;2020-05-22;177212.0;;
117;2020-05-23;177850.0;;
118;2020-05-24;178281.0;;
119;2020-05-25;178570.0;;
120;2020-05-26;179002.0;;
121;2020-05-27;179364.0;;
122;2020-05-28;179717.0;;
123;2020-05-29;180458.0;;
124;2020-05-30;181196.0;;
125;2020-05-31;181482.0;;
126;2020-06-01;181815.0;;
127;2020-06-02;182028.0;;
128;2020-06-03;182370.0;;
129;2020-06-04;182764.0;;
130;2020-06-05;183271.0;;
131;2020-06-06;183678.0;;
132;2020-06-07;183979.0;;
133;2020-06-08;184193.0;;
134;2020-06-09;184543.0;;
135;2020-06-10;184861.0;;
136;2020-06-11;185416.0;;
137;2020-06-12;185674.0;;
138;2020-06-13;186022.0;;
139;2020-06-14;186269.0;;
140;2020-06-15;186461.0;;
141;2020-06-16;186839.0;;
142;2020-06-17;187184.0;;
143;2020-06-18;187764.0;;
144;2020-06-19;188534.0;;
145;2020-06-20;189135.0;;
146;2020-06-21;189822.0;;
147;2020-06-22;190359.0;;
148;2020-06-23;190862.0;;
149;2020-06-24;191449.0;;
150;2020-06-25;192079.0;;
151;2020-06-26;192556.0;;
152;2020-06-27;193243.0;;
153;2020-06-28;193499.0;;
154;2020-06-29;193761.0;;
155;2020-06-30;194259.0;;
156;2020-07-01;194725.0;;
157;2020-07-02;195228.0;;
158;2020-07-03;195674.0;;
159;2020-07-04;196096.0;;
160;2020-07-05;196335.0;;
161;2020-07-06;196554.0;;
162;2020-07-07;196944.0;;
163;2020-07-08;197341.0;;
164;2020-07-09;197783.0;;
165;2020-07-10;198178.0;;
166;2020-07-11;198556.0;;
167;2020-07-12;198804.0;;
168;2020-07-13;198963.0;;
169;2020-07-14;199375.0;;
170;2020-07-15;199726.0;;
171;2020-07-16;200260.0;;
172;2020-07-17;200843.0;;
173;2020-07-18;201372.0;;
174;2020-07-19;201574.0;;
175;2020-07-20;201823.0;;
176;2020-07-21;202345.0;;
177;2020-07-22;202799.0;;
178;2020-07-23;203368.0;;
179;2020-07-24;204183.0;;
180;2020-07-25;204964.0;;
181;2020-07-26;205269.0;;
182;2020-07-27;205609.0;;
183;2020-07-28;206242.0;;
184;2020-07-29;206926.0;;
185;2020-07-30;207828.0;;
186;2020-07-31;208698.0;;
187;2020-08-01;209653.0;;
188;2020-08-02;209893.0;;
189;2020-08-03;210402.0;;
190;2020-08-04;211281.0;;
191;2020-08-05;212022.0;;
192;2020-08-06;213067.0;;
193;2020-08-07;214214.0;;
194;2020-08-08;215336.0;;
195;2020-08-09;215891.0;;
196;2020-08-10;216327.0;;
197;2020-08-11;217293.0;;
198;2020-08-12;218519.0;;
199;2020-08-13;219964.0;;
200;2020-08-14;221413.0;;
201;2020-08-15;222828.0;;
202;2020-08-16;223453.0;;
203;2020-08-17;224014.0;;
204;2020-08-18;225404.0;;
205;2020-08-19;226914.0;;
206;2020-08-20;228621.0;;
207;2020-08-21;230048.0;;
208;2020-08-22;232082.0;;
209;2020-08-23;232864.0;;
210;2020-08-24;233575.0;;
211;2020-08-25;234853.0;;
212;2020-08-26;236429.0;;
213;2020-08-27;237936.0;;
214;2020-08-28;239507.0;;
215;2020-08-29;240986.0;;
216;2020-08-30;241771.0;;
217;2020-08-31;242381.0;;
218;2020-09-01;243599.0;;
219;2020-09-02;244855.0;;
220;2020-09-03;246166.0;;
221;2020-09-04;247619.0;;
222;2020-09-05;248997.0;;
223;2020-09-06;249985.0;;
224;2020-09-07;250799.0;;
225;2020-09-08;252298.0;;
226;2020-09-09;253474.0;;
227;2020-09-10;255366.0;;
228;2020-09-11;256850.0;;
229;2020-09-12;258480.0;;
230;2020-09-13;259428.0;;
231;2020-09-14;260355.0;;
232;2020-09-15;261762.0;;
233;2020-09-16;263663.0;;
234;2020-09-17;265857.0;;
235;2020-09-18;267773.0;;
236;2020-09-19;270070.0;;
237;2020-09-20;271415.0;;
238;2020-09-21;272337.0;;
239;2020-09-22;274158.0;;
240;2020-09-23;275927.0;;
241;2020-09-24;278070.0;;
242;2020-09-25;280223.0;;
243;2020-09-26;282730.0;;
244;2020-09-27;284140.0;;
245;2020-09-28;285332.0;;
246;2020-09-29;287421.0;;
247;2020-09-30;289219.0;;
248;2020-10-01;291722.0;;
249;2020-10-02;294395.0;;
250;2020-10-03;296958.0;;
251;2020-10-04;299237.0;;
252;2020-10-05;300619.0;;
253;2020-10-06;303258.0;;
254;2020-10-07;306086.0;;
255;2020-10-08;310144.0;;
256;2020-10-09;314660.0;;
257;2020-10-10;319381.0;;
258;2020-10-11;322864.0;;
259;2020-10-12;325331.0;;
260;2020-10-13;329453.0;;
261;2020-10-14;334585.0;;
262;2020-10-15;341223.0;;
263;2020-10-16;348557.0;;
264;2020-10-17;356387.0;;
265;2020-10-18;361974.0;;
266;2020-10-19;366299.0;;
267;2020-10-20;373167.0;;
268;2020-10-21;380762.0;;
269;2020-10-22;392049.0;;
270;2020-10-23;403291.0;;
271;2020-10-24;418005.0;;
272;2020-10-25;429181.0;;
273;2020-10-26;437866.0;;
274;2020-10-27;449275.0;;
275;2020-10-28;464239.0;;
276;2020-10-29;481013.0;;
277;2020-10-30;499694.0;;
278;2020-10-31;518753.0;;
279;2020-11-01;532930.0;;
280;2020-11-02;545027.0;;
281;2020-11-03;560379.0;;
282;2020-11-04;577593.0;;
283;2020-11-05;597583.0;;
284;2020-11-06;619089.0;;
285;2020-11-07;642488.0;;
286;2020-11-08;658505.0;;
287;2020-11-09;671868.0;;
288;2020-11-10;687200.0;;
289;2020-11-11;705687.0;;
290;2020-11-12;727553.0;;
291;2020-11-13;751095.0;;
292;2020-11-14;773556.0;;
293;2020-11-15;790503.0;;
294;2020-11-16;801327.0;;
295;2020-11-17;815746.0;;
296;2020-11-18;833307.0;;
297;2020-11-19;855916.0;;
298;2020-11-20;879564.0;;
299;2020-11-21;902528.0;;
300;2020-11-22;918269.0;;
301;2020-11-23;929133.0;;
302;2020-11-24;942687.0;;
303;2020-11-25;961320.0;;
304;2020-11-26;983588.0;;
305;2020-11-27;1006394.0;;
306;2020-11-28;1028089.0;;
307;2020-11-29;1042700.0;;
308;2020-11-30;1053869.0;;
309;2020-12-01;1067473.0;;
310;2020-12-02;1084743.0;;
311;2020-12-03;1106789.0;;
312;2020-12-04;1130238.0;;
313;2020-12-05;1153556.0;;
314;2020-12-06;1171323.0;;
315;2020-12-07;1183655.0;;
316;2020-12-08;1197709.0;;
317;2020-12-09;1218524.0;;
318;2020-12-10;1242203.0;;
319;2020-12-11;1272078.0;;
320;2020-12-12;1300516.0;;
321;2020-12-13;1320716.0;;
322;2020-12-14;1337078.0;;
323;2020-12-15;1351510.0;;
324;2020-12-16;1379238.0;;
325;2020-12-17;1406161.0;;
326;2020-12-18;1439938.0;;
327;2020-12-19;1471238.0;;
328;2020-12-20;1494009.0;;
329;2020-12-21;1510652.0;;
330;2020-12-22;1530180.0;;
331;2020-12-23;1554920.0;;
332;2020-12-24;1587115.0;;
333;2020-12-25;1612648.0;;
334;2020-12-26;1627103.0;;
335;2020-12-27;1640858.0;;
336;2020-12-28;1651834.0;;
337;2020-12-29;1664726.0;;
338;2020-12-30;1687185.0;;
339;2020-12-31;1719737.0;;
340;2021-01-01;1742661.0;;
341;2021-01-02;1755351.0;;
342;2021-01-03;1765666.0;;
343;2021-01-04;1775513.0;;
344;2021-01-05;1787410.0;;
345;2021-01-06;1808647.0;;
346;2021-01-07;1835038.0;;
347;2021-01-08;1866887.0;;
348;2021-01-09;1891581.0;;
349;2021-01-10;1908527.0;;
350;2021-01-11;1921024.0;;
351;2021-01-12;1933826.0;;
352;2021-01-13;1953426.0;;
353;2021-01-14;1978590.0;;
354;2021-01-15;2000958.0;;
355;2021-01-16;2019636.0;;
356;2021-01-17;2033518.0;;
357;2021-01-18;2040659.0;;
358;2021-01-19;2052028.0;;
359;2021-01-20;2068002.0;;
360;2021-01-21;2088400.0;;
361;2021-01-22;2106262.0;;
362;2021-01-23;2122679.0;;
363;2021-01-24;2134936.0;;
364;2021-01-25;2141665.0;;
365;2021-01-26;2148077.0;;
366;2021-01-27;2161275.0;;
367;2021-01-28;2178828.0;;
368;2021-01-29;2192850.0;;
369;2021-01-30;2205171.0;;
370;2021-01-31;2216363.0;;
371;2021-02-01;2221971.0;;
372;2021-02-02;2228085.0;;
373;2021-02-03;2237790.0;;
374;2021-02-04;2252001.0;;
375;2021-02-05;2264909.0;;
376;2021-02-06;2275394.0;;
377;2021-02-07;2284010.0;;
378;2021-02-08;2288545.0;;
379;2021-02-09;2291924.0;;
380;2021-02-10;2299996.0;;
381;2021-02-11;2310233.0;;
382;2021-02-12;2320093.0;;
383;2021-02-13;2328447.0;;
384;2021-02-14;2334561.0;;
385;2021-02-15;2338987.0;;
386;2021-02-16;2342843.0;;
387;2021-02-17;2350399.0;;
388;2021-02-18;2360606.0;;
389;2021-02-19;2369719.0;;
390;2021-02-20;2378883.0;;
391;2021-02-21;2386559.0;;
392;2021-02-22;2390928.0;;
393;2021-02-23;2394811.0;;
394;2021-02-24;2402818.0;;
395;2021-02-25;2414687.0;;
396;2021-02-26;2424684.0;;
397;2021-02-27;2434446.0;;
398;2021-02-28;2442336.0;;
399;2021-03-01;2447068.0;;
400;2021-03-02;2451011.0;;
401;2021-03-03;2460030.0;;
402;2021-03-04;2471942.0;;
403;2021-03-05;2482522.0;;
404;2021-03-06;2492079.0;;
405;2021-03-07;2500182.0;;
406;2021-03-08;2505193.0;;
407;2021-03-09;2509445.0;;
408;2021-03-10;2518591.0;;
409;2021-03-11;2532947.0;;
410;2021-03-12;2545781.0;;
411;2021-03-13;2558455.0;;
412;2021-03-14;2569245.0;;
413;2021-03-15;2575849.0;;
414;2021-03-16;2581329.0;;
415;2021-03-17;2594764.0;;
416;2021-03-18;2612268.0;;
417;2021-03-19;2629750.0;;
418;2021-03-20;2645783.0;;
419;2021-03-21;2659516.0;;
420;2021-03-22;2667225.0;;
421;2021-03-23;2674710.0;;
422;2021-03-24;2690523.0;;
423;2021-03-25;2713180.0;;
424;2021-03-26;2734753.0;;
425;2021-03-27;2755225.0;;
426;2021-03-28;2772401.0;;
427;2021-03-29;2782273.0;;
428;2021-03-30;2791822.0;;
429;2021-03-31;2808873.0;;
430;2021-04-01;2833173.0;;
431;2021-04-02;2855061.0;;
432;2021-04-03;2873190.0;;
433;2021-04-04;2885386.0;;
434;2021-04-05;2893883.0;;
435;2021-04-06;2900768.0;;
436;2021-04-07;2910445.0;;
437;2021-04-08;2930852.0;;
438;2021-04-09;2956316.0;;
439;2021-04-10;2980413.0;;
440;2021-04-11;2998268.0;;
441;2021-04-12;3011513.0;;
442;2021-04-13;3022323.0;;
443;2021-04-14;3044016.0;;
444;2021-04-15;3073442.0;;
445;2021-04-16;3099273.0;;
446;2021-04-17;3123077.0;;
447;2021-04-18;3142262.0;;
448;2021-04-19;3153699.0;;
449;2021-04-20;3163308.0;;
450;2021-04-21;3188192.0;;
451;2021-04-22;3217710.0;;
452;2021-04-23;3245253.0;;
453;2021-04-24;3268645.0;;
454;2021-04-25;3287418.0;;
455;2021-04-26;3299325.0;;
456;2021-04-27;3310301.0;;
457;2021-04-28;3332532.0;;
458;2021-04-29;3357268.0;;
459;2021-04-30;3381597.0;;
460;2021-05-01;3400532.0;;
461;2021-05-02;3416822.0;;
462;2021-05-03;3425982.0;;
463;2021-05-04;3433516.0;;
464;2021-05-05;3451550.0;;
465;2021-05-06;3473503.0;;
466;2021-05-07;3491988.0;;
467;2021-05-08;3507673.0;;
468;2021-05-09;3520329.0;;
469;2021-05-10;3527251.0;;
470;2021-05-11;3533376.0;;
471;2021-05-12;3548285.0;;
472;2021-05-13;3565704.0;;
473;2021-05-14;3577040.0;;
474;2021-05-15;3584934.0;;
475;2021-05-16;3593434.0;;
476;2021-05-17;3598846.0;;
477;2021-05-18;3603055.0;;
478;2021-05-19;3614095.0;;
479;2021-05-20;3626393.0;;
480;2021-05-21;3635162.0;;
481;2021-05-22;3642244.0;;
482;2021-05-23;3648958.0;;
483;2021-05-24;3651640.0;;
484;2021-05-25;3653551.0;;
485;2021-05-26;3656177.0;;
486;2021-05-27;3662490.0;;
487;2021-05-28;3669870.0;;
488;2021-05-29;3675296.0;;
489;2021-05-30;3679148.0;;
490;2021-05-31;3681126.0;;
491;2021-06-01;3682911.0;;
492;2021-06-02;3687828.0;;
493;2021-06-03;3692468.0;;
494;2021-06-04;3695633.0;;
495;2021-06-05;3697927.0;;
496;2021-06-06;3700367.0;;
497;2021-06-07;3701484.0;;
498;2021-06-08;3702688.0;;
499;2021-06-09;3705942.0;;
500;2021-06-10;3709129.0;;
501;2021-06-11;3711569.0;;
502;2021-06-12;3713480.0;;
503;2021-06-13;3714969.0;;
504;2021-06-14;3715518.0;;
505;2021-06-15;3716170.0;;
506;2021-06-16;3717625.0;;
507;2021-06-17;3718955.0;;
508;2021-06-18;3720031.0;;
509;2021-06-19;3721139.0;;
510;2021-06-20;3721981.0;;
511;2021-06-21;3722327.0;;
512;2021-06-22;3722782.0;;
513;2021-06-23;3723798.0;;
514;2021-06-24;3724806.0;;
515;2021-06-25;3725580.0;;
516;2021-06-26;3726172.0;;
517;2021-06-27;3726710.0;;
518;2021-06-28;3726929.0;;
519;2021-06-29;3727333.0;;
520;2021-06-30;3728141.0;;
521;2021-07-01;3729033.0;;
522;2021-07-02;3729682.0;;
523;2021-07-03;3730353.0;;
524;2021-07-04;3730912.0;;
525;2021-07-05;3731124.0;;
526;2021-07-06;3731564.0;;
527;2021-07-07;3732549.0;;
528;2021-07-08;3733519.0;;
529;2021-07-09;3734468.0;;
530;2021-07-10;3735420.0;;
531;2021-07-11;3736165.0;;
532;2021-07-12;3736489.0;;
533;2021-07-13;3737135.0;;
534;2021-07-14;3738683.0;;
535;2021-07-15;3740325.0;;
536;2021-07-16;3741781.0;;
537;2021-07-17;3743389.0;;
538;2021-07-18;3744681.0;;
539;2021-07-19;3745227.0;;
540;2021-07-20;3746410.0;;
541;2021-07-21;3748613.0;;
542;2021-07-22;3750503.0;;
543;2021-07-23;3752592.0;;
544;2021-07-24;3754511.0;;
545;2021-07-25;3755898.0;;
546;2021-07-26;3756856.0;;
547;2021-07-27;3758401.0;;
548;2021-07-28;3761169.0;;
549;2021-07-29;3764311.0;;
550;2021-07-30;3766765.0;;
551;2021-07-31;3769165.0;;
552;2021-08-01;3771262.0;;
553;2021-08-02;3772109.0;;
554;2021-08-03;3773875.0;;
555;2021-08-04;3777446.0;;
556;2021-08-05;3780985.0;;
557;2021-08-06;3784433.0;;
558;2021-08-07;3787639.0;;
559;2021-08-08;3790766.0;;
560;2021-08-09;3791949.0;;
561;2021-08-10;3794429.0;;
562;2021-08-11;3799425.0;;
563;2021-08-12;3805063.0;;
564;2021-08-13;3810641.0;;
565;2021-08-14;3816285.0;;
566;2021-08-15;3821013.0;;
567;2021-08-16;3823139.0;;
568;2021-08-17;3827051.0;;
569;2021-08-18;3835375.0;;
570;2021-08-19;3843775.0;;
571;2021-08-20;3853055.0;;
572;2021-08-21;3861147.0;;
573;2021-08-22;3868197.0;;
574;2021-08-23;3871865.0;;
575;2021-08-24;3877612.0;;
576;2021-08-25;3889173.0;;
577;2021-08-26;3901799.0;;
578;2021-08-27;3913828.0;;
579;2021-08-28;3924131.0;;
580;2021-08-29;3932547.0;;
581;2021-08-30;3937106.0;;
582;2021-08-31;3942856.0;;
583;2021-09-01;3956387.0;;
584;2021-09-02;3970102.0;;
585;2021-09-03;3984353.0;;
586;2021-09-04;3995188.0;;
587;2021-09-05;4005641.0;;
588;2021-09-06;4010390.0;;
589;2021-09-07;4017116.0;;
590;2021-09-08;4030681.0;;
591;2021-09-09;4046112.0;;
592;2021-09-10;4059081.0;;
593;2021-09-11;4070295.0;;
594;2021-09-12;4077640.0;;
595;2021-09-13;4083151.0;;
596;2021-09-14;4089476.0;;
597;2021-09-15;4101931.0;;
598;2021-09-16;4114856.0;;
599;2021-09-17;4125878.0;;
600;2021-09-18;4134779.0;;
601;2021-09-19;4142116.0;;
602;2021-09-20;4145852.0;;
603;2021-09-21;4150516.0;;
604;2021-09-22;4160970.0;;
605;2021-09-23;4171666.0;;
606;2021-09-24;4181393.0;;
607;2021-09-25;4188604.0;;
608;2021-09-26;4196378.0;;
609;2021-09-27;4199400.0;;
610;2021-09-28;4203571.0;;
611;2021-09-29;4215351.0;;
612;2021-09-30;4227501.0;;
613;2021-10-01;4237619.0;;
614;2021-10-02;4246136.0;;
615;2021-10-03;4252300.0;;
616;2021-10-04;4255388.0;;
617;2021-10-05;4260187.0;;
618;2021-10-06;4271734.0;;
619;2021-10-07;4283378.0;;
620;2021-10-08;4293807.0;;
621;2021-10-09;4302661.0;;
622;2021-10-10;4310273.0;;
623;2021-10-11;4313384.0;;
624;2021-10-12;4318355.0;;
625;2021-10-13;4330258.0;;
626;2021-10-14;4342640.0;;
627;2021-10-15;4354158.0;;
628;2021-10-16;4365107.0;;
629;2021-10-17;4373789.0;;
630;2021-10-18;4377845.0;;
631;2021-10-19;4384616.0;;
632;2021-10-20;4401631.0;;
633;2021-10-21;4417708.0;;
634;2021-10-22;4437280.0;;
635;2021-10-23;4452425.0;;
636;2021-10-24;4466157.0;;
637;2021-10-25;4472730.0;;
638;2021-10-26;4483203.0;;
639;2021-10-27;4506415.0;;
640;2021-10-28;4534452.0;;
641;2021-10-29;4559120.0;;
642;2021-10-30;4580663.0;;
643;2021-10-31;4597550.0;;
644;2021-11-01;4607208.0;;
645;2021-11-02;4618021.0;;
646;2021-11-03;4638419.0;;
647;2021-11-04;4672368.0;;
648;2021-11-05;4709488.0;;
649;2021-11-06;4743490.0;;
650;2021-11-07;4767033.0;;
651;2021-11-08;4782546.0;;
652;2021-11-09;4804378.0;;
653;2021-11-10;4844054.0;;
654;2021-11-11;4894250.0;;
655;2021-11-12;4942890.0;;
656;2021-11-13;4987971.0;;
657;2021-11-14;5021469.0;;
658;2021-11-15;5045076.0;;
659;2021-11-16;5077124.0;;
660;2021-11-17;5129950.0;;
661;2021-11-18;5195321.0;;
662;2021-11-19;5248291.0;;
663;2021-11-20;5312215.0;;
664;2021-11-21;5354942.0;;
665;2021-11-22;5385585.0;;
666;2021-11-23;5430911.0;;
667;2021-11-24;5497795.0;;
668;2021-11-25;5573756.0;;
669;2021-11-26;5650170.0;;
670;2021-11-27;5717295.0;;
671;2021-11-28;5761696.0;;
672;2021-11-29;5791060.0;;
673;2021-11-30;5836813.0;;
674;2021-12-01;5903999.0;;
675;2021-12-02;5977208.0;;
676;2021-12-03;6051560.0;;
677;2021-12-04;6116070.0;;
678;2021-12-05;6158125.0;;
679;2021-12-06;6185961.0;;
680;2021-12-07;6222020.0;;
681;2021-12-08;6291621.0;;
682;2021-12-09;6362232.0;;
683;2021-12-10;6423520.0;;
684;2021-12-11;6477217.0;;
685;2021-12-12;6509863.0;;
686;2021-12-13;6531606.0;;
687;2021-12-14;6562429.0;;
688;2021-12-15;6613730.0;;
689;2021-12-16;6670407.0;;
690;2021-12-17;6721375.0;;
691;2021-12-18;6764188.0;;
692;2021-12-19;6793536.0;;
693;2021-12-20;6809622.0;;
694;2021-12-21;6833050.0;;
695;2021-12-22;6878709.0;;
696;2021-12-23;6923636.0;;
697;2021-12-24;6959067.0;;
698;2021-12-25;6981281.0;;
699;2021-12-26;6991381.0;;
700;2021-12-27;7005289.0;;
701;2021-12-28;7026369.0;;
702;2021-12-29;7066412.0;;
703;2021-12-30;7109182.0;;
704;2021-12-31;7150422.0;;
705;2022-01-01;7176814.0;;
706;2022-01-02;7189329.0;;
707;2022-01-03;7207847.0;;
708;2022-01-04;7238408.0;;
709;2022-01-05;7297320.0;;
710;2022-01-06;7361660.0;;
711;2022-01-07;7417995.0;;
712;2022-01-08;7473884.0;;
713;2022-01-09;7510436.0;;
714;2022-01-10;7535691.0;;
715;2022-01-11;7581381.0;;
716;2022-01-12;7661811.0;;
717;2022-01-13;7743228.0;;
718;2022-01-14;7835451.0;;
719;2022-01-15;7913473.0;;
720;2022-01-16;7965977.0;;
721;2022-01-17;8000122.0;;
722;2022-01-18;8074527.0;;
723;2022-01-19;8186850.0;;
724;2022-01-20;8320386.0;;
725;2022-01-21;8460546.0;;
726;2022-01-22;8596007.0;;
727;2022-01-23;8681447.0;;
728;2022-01-24;8744840.0;;
729;2022-01-25;8871795.0;;
730;2022-01-26;9035795.0;;
731;2022-01-27;9238931.0;;
732;2022-01-28;9429079.0;;
733;2022-01-29;9618245.0;;
734;2022-01-30;9737215.0;;
735;2022-01-31;9815533.0;;
736;2022-02-01;9978146.0;;
737;2022-02-02;10186644.0;;
738;2022-02-03;10422764.0;;
739;2022-02-04;10671602.0;;
740;2022-02-05;10889417.0;;
741;2022-02-06;11022590.0;;
742;2022-02-07;11117857.0;;
743;2022-02-08;11287428.0;;
744;2022-02-09;11521678.0;;
745;2022-02-10;11769540.0;;
746;2022-02-11;12009712.0;;
747;2022-02-12;12219501.0;;
748;2022-02-13;12344661.0;;
749;2022-02-14;12421126.0;;
750;2022-02-15;12580343.0;;
751;2022-02-16;12800315.0;;
752;2022-02-17;13035941.0;;
753;2022-02-18;13255989.0;;
754;2022-02-19;13445094.0;;
755;2022-02-20;13563126.0;;
756;2022-02-21;13636993.0;;
757;2022-02-22;13762895.0;;
758;2022-02-23;13971947.0;;
759;2022-02-24;14188269.0;;
760;2022-02-25;14399012.0;;
761;2022-02-26;14574845.0;;
762;2022-02-27;14682758.0;;
763;2022-02-28;14745107.0;;
764;2022-03-01;14867218.0;;
765;2022-03-02;15053624.0;;
766;2022-03-03;15264297.0;;
767;2022-03-04;15481890.0;;
768;2022-03-05;15674100.0;;
769;2022-03-06;15790989.0;;
770;2022-03-07;15869417.0;;
771;2022-03-08;16026216.0;;
772;2022-03-09;16242070.0;;
773;2022-03-10;16504822.0;;
774;2022-03-11;16757658.0;;
775;2022-03-12;16994744.0;;
776;2022-03-13;17141351.0;;
777;2022-03-14;17233729.0;;
778;2022-03-15;17432617.0;;
779;2022-03-16;17695210.0;;
780;2022-03-17;17990141.0;;
781;2022-03-18;18287986.0;;
782;2022-03-19;18548225.0;;
783;2022-03-20;18680017.0;;
784;2022-03-21;18772331.0;;
785;2022-03-22;18994411.0;;
786;2022-03-23;19278143.0;;
787;2022-03-24;19596530.0;;
788;2022-03-25;19893028.0;;
789;2022-03-26;20145054.0;;
790;2022-03-27;20256278.0;;
791;2022-03-28;20323779.0;;
792;2022-03-29;20561131.0;;
793;2022-03-30;20829608.0;;
794;2022-03-31;21357095.0;;
795;2022-04-01;21357039.0;;
796;2022-04-02;21553495.0;;
797;2022-04-03;21668677.0;;
798;2022-04-04;21668677.0;;
799;2022-04-05;21849074.0;;
800;2022-04-06;22265788.0;;
801;2022-04-07;22441051.0;;
802;2022-04-08;22591726.0;;
803;2022-04-09;22647197.0;;
804;2022-04-10;22677986.0;;
805;2022-04-11;22878428.0;;
806;2022-04-12;23017079.0;;
807;2022-04-13;23182447.0;;
808;2022-04-14;23339311.0;;
809;2022-04-15;23376879.0;;
810;2022-04-16;23416663.0;;
811;2022-04-17;23437145.0;;
812;2022-04-18;23459628.0;;
813;2022-04-19;23658211.0;;
814;2022-04-20;23844536.0;;
815;2022-04-21;24006254.0;;
816;2022-04-22;24141333.0;;
817;2022-04-23;24180512.0;;
818;2022-04-24;24200596.0;;
819;2022-04-25;24337394.0;;
820;2022-04-26;24337394.0;;
821;2022-04-27;24609159.0;;
822;2022-04-28;24710769.0;;
823;2022-04-29;24798067.0;;
824;2022-04-30;24809785.0;;
825;2022-05-01;24813817.0;;
826;2022-05-02;24927339.0;;
827;2022-05-03;25033970.0;;
828;2022-05-04;25130137.0;;
829;2022-05-05;25215210.0;;
830;2022-05-06;25287462.0;;
831;2022-05-07;25295950.0;;
832;2022-05-08;25299300.0;;
833;2022-05-09;25406868.0;;
834;2022-05-10;25503878.0;;
835;2022-05-11;25592839.0;;
836;2022-05-12;25661838.0;;
837;2022-05-13;25723697.0;;
838;2022-05-14;25729848.0;;
839;2022-05-15;25732153.0;;
840;2022-05-16;25818405.0;;
841;2022-05-17;25890456.0;;
842;2022-05-18;25949175.0;;
843;2022-05-19;25998085.0;;
844;2022-05-20;26040460.0;;
845;2022-05-21;26044283.0;;
846;2022-05-22;26045528.0;;
847;2022-05-23;26109965.0;;
848;2022-05-24;26159106.0;;
849;2022-05-25;26198811.0;;
850;2022-05-26;26200663.0;;
851;2022-05-27;26240639.0;;
852;2022-05-28;26243352.0;;
853;2022-05-29;26244107.0;;
854;2022-05-30;26305996.0;;
855;2022-05-31;26360953.0;;
856;2022-06-01;26409455.0;;
857;2022-06-02;26452148.0;;
858;2022-06-03;26493235.0;;
859;2022-06-04;26493235.0;;
860;2022-06-05;26496611.0;;
861;2022-06-06;26498361.0;;
862;2022-06-07;26583016.0;;
863;2022-06-08;26660652.0;;
864;2022-06-09;26738530.0;;
865;2022-06-10;26803867.0;;
866;2022-06-11;26803867.0;;
867;2022-06-12;26809245.0;;
868;2022-06-13;26915085.0;;
869;2022-06-14;27007429.0;;
870;2022-06-15;27096571.0;;
871;2022-06-16;27124689.0;;
872;2022-06-17;27204953.0;;
873;2022-06-18;27204955.0;;
874;2022-06-19;27211896.0;;
875;2022-06-20;27334993.0;;
876;2022-06-21;27454225.0;;
877;2022-06-22;27573585.0;;
878;2020-01-31;;2.0;
879;2020-02-01;;2.0;
880;2020-02-02;;2.0;
881;2020-02-03;;2.0;
882;2020-02-04;;2.0;
883;2020-02-05;;2.0;
884;2020-02-06;;2.0;
885;2020-02-07;;3.0;
886;2020-02-08;;3.0;
887;2020-02-09;;3.0;
888;2020-02-10;;3.0;
889;2020-02-11;;3.0;
890;2020-02-12;;3.0;
891;2020-02-13;;3.0;
892;2020-02-14;;3.0;
893;2020-02-15;;3.0;
894;2020-02-16;;3.0;
895;2020-02-17;;3.0;
896;2020-02-18;;3.0;
897;2020-02-19;;3.0;
898;2020-02-20;;3.0;
899;2020-02-21;;20.0;
900;2020-02-22;;62.0;
901;2020-02-23;;155.0;
902;2020-02-24;;229.0;
903;2020-02-25;;322.0;
904;2020-02-26;;453.0;
905;2020-02-27;;655.0;
906;2020-02-28;;888.0;
907;2020-02-29;;1128.0;
908;2020-03-01;;1694.0;
909;2020-03-02;;2036.0;
910;2020-03-03;;2502.0;
911;2020-03-04;;3089.0;
912;2020-03-05;;3858.0;
913;2020-03-06;;4636.0;
914;2020-03-07;;5883.0;
915;2020-03-08;;7375.0;
916;2020-03-09;;9172.0;
917;2020-03-10;;10149.0;
918;2020-03-11;;12462.0;
919;2020-03-12;;15113.0;
920;2020-03-13;;17660.0;
921;2020-03-14;;21157.0;
922;2020-03-15;;24747.0;
923;2020-03-16;;27980.0;
924;2020-03-17;;31506.0;
925;2020-03-18;;35713.0;
926;2020-03-19;;41035.0;
927;2020-03-20;;47021.0;
928;2020-03-21;;53578.0;
929;2020-03-22;;59138.0;
930;2020-03-23;;63927.0;
931;2020-03-24;;69176.0;
932;2020-03-25;;74386.0;
933;2020-03-26;;80589.0;
934;2020-03-27;;86498.0;
935;2020-03-28;;92472.0;
936;2020-03-29;;97689.0;
937;2020-03-30;;101739.0;
938;2020-03-31;;105792.0;
939;2020-04-01;;110574.0;
940;2020-04-02;;115242.0;
941;2020-04-03;;119827.0;
942;2020-04-04;;124632.0;
943;2020-04-05;;128948.0;
944;2020-04-06;;132547.0;
945;2020-04-07;;135586.0;
946;2020-04-08;;139422.0;
947;2020-04-09;;143626.0;
948;2020-04-10;;147577.0;
949;2020-04-11;;152271.0;
950;2020-04-12;;156363.0;
951;2020-04-13;;159516.0;
952;2020-04-14;;162488.0;
953;2020-04-15;;165155.0;
954;2020-04-16;;168941.0;
955;2020-04-17;;172434.0;
956;2020-04-18;;175925.0;
957;2020-04-19;;178972.0;
958;2020-04-20;;181228.0;
959;2020-04-21;;183957.0;
960;2020-04-22;;187327.0;
961;2020-04-23;;189973.0;
962;2020-04-24;;192994.0;
963;2020-04-25;;195351.0;
964;2020-04-26;;197675.0;
965;2020-04-27;;199414.0;
966;2020-04-28;;201505.0;
967;2020-04-29;;203591.0;
968;2020-04-30;;205463.0;
969;2020-05-01;;207428.0;
970;2020-05-02;;209328.0;
971;2020-05-03;;210717.0;
972;2020-05-04;;211938.0;
973;2020-05-05;;213013.0;
974;2020-05-06;;214457.0;
975;2020-05-07;;215858.0;
976;2020-05-08;;217185.0;
977;2020-05-09;;218268.0;
978;2020-05-10;;219070.0;
979;2020-05-11;;219814.0;
980;2020-05-12;;221216.0;
981;2020-05-13;;222104.0;
982;2020-05-14;;223096.0;
983;2020-05-15;;223885.0;
984;2020-05-16;;224760.0;
985;2020-05-17;;225435.0;
986;2020-05-18;;225886.0;
987;2020-05-19;;226699.0;
988;2020-05-20;;227364.0;
989;2020-05-21;;228006.0;
990;2020-05-22;;228658.0;
991;2020-05-23;;229327.0;
992;2020-05-24;;229858.0;
993;2020-05-25;;230158.0;
994;2020-05-26;;230555.0;
995;2020-05-27;;231139.0;
996;2020-05-28;;231732.0;
997;2020-05-29;;232248.0;
998;2020-05-30;;232664.0;
999;2020-05-31;;232997.0;
1000;2020-06-01;;233197.0;
1001;2020-06-02;;233515.0;
1002;2020-06-03;;233836.0;
1003;2020-06-04;;234013.0;
1004;2020-06-05;;234531.0;
1005;2020-06-06;;234801.0;
1006;2020-06-07;;234998.0;
1007;2020-06-08;;235278.0;
1008;2020-06-09;;235561.0;
1009;2020-06-10;;235763.0;
1010;2020-06-11;;236142.0;
1011;2020-06-12;;236305.0;
1012;2020-06-13;;236651.0;
1013;2020-06-14;;236989.0;
1014;2020-06-15;;237290.0;
1015;2020-06-16;;237500.0;
1016;2020-06-17;;237828.0;
1017;2020-06-18;;238159.0;
1018;2020-06-19;;238011.0;
1019;2020-06-20;;238275.0;
1020;2020-06-21;;238499.0;
1021;2020-06-22;;238720.0;
1022;2020-06-23;;238833.0;
1023;2020-06-24;;239410.0;
1024;2020-06-25;;239706.0;
1025;2020-06-26;;239961.0;
1026;2020-06-27;;240136.0;
1027;2020-06-28;;240310.0;
1028;2020-06-29;;240436.0;
1029;2020-06-30;;240578.0;
1030;2020-07-01;;240760.0;
1031;2020-07-02;;240961.0;
1032;2020-07-03;;241184.0;
1033;2020-07-04;;241419.0;
1034;2020-07-05;;241611.0;
1035;2020-07-06;;241819.0;
1036;2020-07-07;;241956.0;
1037;2020-07-08;;242149.0;
1038;2020-07-09;;242363.0;
1039;2020-07-10;;242639.0;
1040;2020-07-11;;242827.0;
1041;2020-07-12;;243061.0;
1042;2020-07-13;;243230.0;
1043;2020-07-14;;243344.0;
1044;2020-07-15;;243506.0;
1045;2020-07-16;;243736.0;
1046;2020-07-17;;243967.0;
1047;2020-07-18;;244216.0;
1048;2020-07-19;;244434.0;
1049;2020-07-20;;244624.0;
1050;2020-07-21;;244752.0;
1051;2020-07-22;;245032.0;
1052;2020-07-23;;245338.0;
1053;2020-07-24;;245590.0;
1054;2020-07-25;;245864.0;
1055;2020-07-26;;246118.0;
1056;2020-07-27;;246286.0;
1057;2020-07-28;;246488.0;
1058;2020-07-29;;246776.0;
1059;2020-07-30;;247158.0;
1060;2020-07-31;;247537.0;
1061;2020-08-01;;247832.0;
1062;2020-08-02;;248070.0;
1063;2020-08-03;;248229.0;
1064;2020-08-04;;248419.0;
1065;2020-08-05;;248803.0;
1066;2020-08-06;;249204.0;
1067;2020-08-07;;249756.0;
1068;2020-08-08;;250103.0;
1069;2020-08-09;;250566.0;
1070;2020-08-10;;250825.0;
1071;2020-08-11;;251237.0;
1072;2020-08-12;;251713.0;
1073;2020-08-13;;252235.0;
1074;2020-08-14;;252809.0;
1075;2020-08-15;;253438.0;
1076;2020-08-16;;253915.0;
1077;2020-08-17;;254235.0;
1078;2020-08-18;;254636.0;
1079;2020-08-19;;255278.0;
1080;2020-08-20;;256118.0;
1081;2020-08-21;;257065.0;
1082;2020-08-22;;258136.0;
1083;2020-08-23;;259345.0;
1084;2020-08-24;;260298.0;
1085;2020-08-25;;261174.0;
1086;2020-08-26;;262540.0;
1087;2020-08-27;;263949.0;
1088;2020-08-28;;265409.0;
1089;2020-08-29;;266853.0;
1090;2020-08-30;;268218.0;
1091;2020-08-31;;269214.0;
1092;2020-09-01;;270189.0;
1093;2020-09-02;;271515.0;
1094;2020-09-03;;272912.0;
1095;2020-09-04;;274644.0;
1096;2020-09-05;;276338.0;
1097;2020-09-06;;277634.0;
1098;2020-09-07;;278784.0;
1099;2020-09-08;;280153.0;
1100;2020-09-09;;281583.0;
1101;2020-09-10;;283180.0;
1102;2020-09-11;;284796.0;
1103;2020-09-12;;286297.0;
1104;2020-09-13;;287753.0;
1105;2020-09-14;;288761.0;
1106;2020-09-15;;289990.0;
1107;2020-09-16;;291442.0;
1108;2020-09-17;;293025.0;
1109;2020-09-18;;294932.0;
1110;2020-09-19;;296569.0;
1111;2020-09-20;;298156.0;
1112;2020-09-21;;299506.0;
1113;2020-09-22;;300897.0;
1114;2020-09-23;;302537.0;
1115;2020-09-24;;304323.0;
1116;2020-09-25;;306235.0;
1117;2020-09-26;;308104.0;
1118;2020-09-27;;309870.0;
1119;2020-09-28;;311364.0;
1120;2020-09-29;;313011.0;
1121;2020-09-30;;314861.0;
1122;2020-10-01;;317409.0;
1123;2020-10-02;;319908.0;
1124;2020-10-03;;322751.0;
1125;2020-10-04;;325329.0;
1126;2020-10-05;;327586.0;
1127;2020-10-06;;330263.0;
1128;2020-10-07;;333940.0;
1129;2020-10-08;;338398.0;
1130;2020-10-09;;343770.0;
1131;2020-10-10;;349494.0;
1132;2020-10-11;;354950.0;
1133;2020-10-12;;359569.0;
1134;2020-10-13;;365467.0;
1135;2020-10-14;;372799.0;
1136;2020-10-15;;381602.0;
1137;2020-10-16;;391611.0;
1138;2020-10-17;;402536.0;
1139;2020-10-18;;414241.0;
1140;2020-10-19;;423578.0;
1141;2020-10-20;;434449.0;
1142;2020-10-21;;449648.0;
1143;2020-10-22;;465726.0;
1144;2020-10-23;;484869.0;
1145;2020-10-24;;504509.0;
1146;2020-10-25;;525782.0;
1147;2020-10-26;;542789.0;
1148;2020-10-27;;564778.0;
1149;2020-10-28;;589766.0;
1150;2020-10-29;;616595.0;
1151;2020-10-30;;647674.0;
1152;2020-10-31;;679430.0;
1153;2020-11-01;;709335.0;
1154;2020-11-02;;731588.0;
1155;2020-11-03;;759829.0;
1156;2020-11-04;;790377.0;
1157;2020-11-05;;824879.0;
1158;2020-11-06;;862681.0;
1159;2020-11-07;;902490.0;
1160;2020-11-08;;935104.0;
1161;2020-11-09;;960373.0;
1162;2020-11-10;;995463.0;
1163;2020-11-11;;1028424.0;
1164;2020-11-12;;1066401.0;
1165;2020-11-13;;1107303.0;
1166;2020-11-14;;1144552.0;
1167;2020-11-15;;1178529.0;
1168;2020-11-16;;1205881.0;
1169;2020-11-17;;1238072.0;
1170;2020-11-18;;1272352.0;
1171;2020-11-19;;1308528.0;
1172;2020-11-20;;1345767.0;
1173;2020-11-21;;1380531.0;
1174;2020-11-22;;1408868.0;
1175;2020-11-23;;1431795.0;
1176;2020-11-24;;1455022.0;
1177;2020-11-25;;1480874.0;
1178;2020-11-26;;1509875.0;
1179;2020-11-27;;1538217.0;
1180;2020-11-28;;1564532.0;
1181;2020-11-29;;1585178.0;
1182;2020-11-30;;1601554.0;
1183;2020-12-01;;1620901.0;
1184;2020-12-02;;1641610.0;
1185;2020-12-03;;1664829.0;
1186;2020-12-04;;1688939.0;
1187;2020-12-05;;1709991.0;
1188;2020-12-06;;1728878.0;
1189;2020-12-07;;1742557.0;
1190;2020-12-08;;1757394.0;
1191;2020-12-09;;1770149.0;
1192;2020-12-10;;1787147.0;
1193;2020-12-11;;1805873.0;
1194;2020-12-12;;1825775.0;
1195;2020-12-13;;1843712.0;
1196;2020-12-14;;1855737.0;
1197;2020-12-15;;1870576.0;
1198;2020-12-16;;1888144.0;
1199;2020-12-17;;1906377.0;
1200;2020-12-18;;1921778.0;
1201;2020-12-19;;1938083.0;
1202;2020-12-20;;1953185.0;
1203;2020-12-21;;1964054.0;
1204;2020-12-22;;1977370.0;
1205;2020-12-23;;1991278.0;
1206;2020-12-24;;2009317.0;
1207;2020-12-25;;2028354.0;
1208;2020-12-26;;2038759.0;
1209;2020-12-27;;2047696.0;
1210;2020-12-28;;2056277.0;
1211;2020-12-29;;2067487.0;
1212;2020-12-30;;2083689.0;
1213;2020-12-31;;2107166.0;
1214;2021-01-01;;2129376.0;
1215;2021-01-02;;2141201.0;
1216;2021-01-03;;2155446.0;
1217;2021-01-04;;2166244.0;
1218;2021-01-05;;2181619.0;
1219;2021-01-06;;2201945.0;
1220;2021-01-07;;2220361.0;
1221;2021-01-08;;2237890.0;
1222;2021-01-09;;2257866.0;
1223;2021-01-10;;2276491.0;
1224;2021-01-11;;2289021.0;
1225;2021-01-12;;2303263.0;
1226;2021-01-13;;2319036.0;
1227;2021-01-14;;2336279.0;
1228;2021-01-15;;2352423.0;
1229;2021-01-16;;2368733.0;
1230;2021-01-17;;2381277.0;
1231;2021-01-18;;2390102.0;
1232;2021-01-19;;2400598.0;
1233;2021-01-20;;2414166.0;
1234;2021-01-21;;2428221.0;
1235;2021-01-22;;2441854.0;
1236;2021-01-23;;2455185.0;
1237;2021-01-24;;2466813.0;
1238;2021-01-25;;2475372.0;
1239;2021-01-26;;2485956.0;
1240;2021-01-27;;2501147.0;
1241;2021-01-28;;2515507.0;
1242;2021-01-29;;2529070.0;
1243;2021-01-30;;2541783.0;
1244;2021-01-31;;2553032.0;
1245;2021-02-01;;2560957.0;
1246;2021-02-02;;2570608.0;
1247;2021-02-03;;2583790.0;
1248;2021-02-04;;2597446.0;
1249;2021-02-05;;2611659.0;
1250;2021-02-06;;2625098.0;
1251;2021-02-07;;2636738.0;
1252;2021-02-08;;2644707.0;
1253;2021-02-09;;2655319.0;
1254;2021-02-10;;2668266.0;
1255;2021-02-11;;2683403.0;
1256;2021-02-12;;2697296.0;
1257;2021-02-13;;2710819.0;
1258;2021-02-14;;2721879.0;
1259;2021-02-15;;2729223.0;
1260;2021-02-16;;2739591.0;
1261;2021-02-17;;2751657.0;
1262;2021-02-18;;2765412.0;
1263;2021-02-19;;2780882.0;
1264;2021-02-20;;2795796.0;
1265;2021-02-21;;2809246.0;
1266;2021-02-22;;2818863.0;
1267;2021-02-23;;2832162.0;
1268;2021-02-24;;2848564.0;
1269;2021-02-25;;2868435.0;
1270;2021-02-26;;2888923.0;
1271;2021-02-27;;2907825.0;
1272;2021-02-28;;2925265.0;
1273;2021-03-01;;2938371.0;
1274;2021-03-02;;2955434.0;
1275;2021-03-03;;2976274.0;
1276;2021-03-04;;2999119.0;
1277;2021-03-05;;3023129.0;
1278;2021-03-06;;3046762.0;
1279;2021-03-07;;3067486.0;
1280;2021-03-08;;3081368.0;
1281;2021-03-09;;3101093.0;
1282;2021-03-10;;3123368.0;
1283;2021-03-11;;3149017.0;
1284;2021-03-12;;3175807.0;
1285;2021-03-13;;3201838.0;
1286;2021-03-14;;3223142.0;
1287;2021-03-15;;3238394.0;
1288;2021-03-16;;3258770.0;
1289;2021-03-17;;3281810.0;
1290;2021-03-18;;3306711.0;
1291;2021-03-19;;3332418.0;
1292;2021-03-20;;3356331.0;
1293;2021-03-21;;3376376.0;
1294;2021-03-22;;3400877.0;
1295;2021-03-23;;3419616.0;
1296;2021-03-24;;3440862.0;
1297;2021-03-25;;3464543.0;
1298;2021-03-26;;3488619.0;
1299;2021-03-27;;3512453.0;
1300;2021-03-28;;3532057.0;
1301;2021-03-29;;3544957.0;
1302;2021-03-30;;3561012.0;
1303;2021-03-31;;3584899.0;
1304;2021-04-01;;3607083.0;
1305;2021-04-02;;3629000.0;
1306;2021-04-03;;3650247.0;
1307;2021-04-04;;3668264.0;
1308;2021-04-05;;3678944.0;
1309;2021-04-06;;3686707.0;
1310;2021-04-07;;3700393.0;
1311;2021-04-08;;3717602.0;
1312;2021-04-09;;3736526.0;
1313;2021-04-10;;3754077.0;
1314;2021-04-11;;3769814.0;
1315;2021-04-12;;3779594.0;
1316;2021-04-13;;3793033.0;
1317;2021-04-14;;3809193.0;
1318;2021-04-15;;3826156.0;
1319;2021-04-16;;3842079.0;
1320;2021-04-17;;3857443.0;
1321;2021-04-18;;3870131.0;
1322;2021-04-19;;3878994.0;
1323;2021-04-20;;3891063.0;
1324;2021-04-21;;3904899.0;
1325;2021-04-22;;3920945.0;
1326;2021-04-23;;3935703.0;
1327;2021-04-24;;3949517.0;
1328;2021-04-25;;3962674.0;
1329;2021-04-26;;3971114.0;
1330;2021-04-27;;3981512.0;
1331;2021-04-28;;3994894.0;
1332;2021-04-29;;4009208.0;
1333;2021-04-30;;4022653.0;
1334;2021-05-01;;4035617.0;
1335;2021-05-02;;4044762.0;
1336;2021-05-03;;4050708.0;
1337;2021-05-04;;4059821.0;
1338;2021-05-05;;4070400.0;
1339;2021-05-06;;4082198.0;
1340;2021-05-07;;4092747.0;
1341;2021-05-08;;4102921.0;
1342;2021-05-09;;4111210.0;
1343;2021-05-10;;4116287.0;
1344;2021-05-11;;4123230.0;
1345;2021-05-12;;4131078.0;
1346;2021-05-13;;4139160.0;
1347;2021-05-14;;4146722.0;
1348;2021-05-15;;4153374.0;
1349;2021-05-16;;4159122.0;
1350;2021-05-17;;4162576.0;
1351;2021-05-18;;4167025.0;
1352;2021-05-19;;4172525.0;
1353;2021-05-20;;4178261.0;
1354;2021-05-21;;4183476.0;
1355;2021-05-22;;4188190.0;
1356;2021-05-23;;4192183.0;
1357;2021-05-24;;4194672.0;
1358;2021-05-25;;4197892.0;
1359;2021-05-26;;4201827.0;
1360;2021-05-27;;4205970.0;
1361;2021-05-28;;4209707.0;
1362;2021-05-29;;4213055.0;
1363;2021-05-30;;4216003.0;
1364;2021-05-31;;4217821.0;
1365;2021-06-01;;4220304.0;
1366;2021-06-02;;4223200.0;
1367;2021-06-03;;4225163.0;
1368;2021-06-04;;4227719.0;
1369;2021-06-05;;4230153.0;
1370;2021-06-06;;4232428.0;
1371;2021-06-07;;4233698.0;
1372;2021-06-08;;4235592.0;
1373;2021-06-09;;4237790.0;
1374;2021-06-10;;4239868.0;
1375;2021-06-11;;4241760.0;
1376;2021-06-12;;4243482.0;
1377;2021-06-13;;4244872.0;
1378;2021-06-14;;4245779.0;
1379;2021-06-15;;4247032.0;
1380;2021-06-16;;4248432.0;
1381;2021-06-17;;4249755.0;
1382;2021-06-18;;4250902.0;
1383;2021-06-19;;4252095.0;
1384;2021-06-20;;4252976.0;
1385;2021-06-21;;4253460.0;
1386;2021-06-22;;4254294.0;
1387;2021-06-23;;4255434.0;
1388;2021-06-24;;4255700.0;
1389;2021-06-25;;4256451.0;
1390;2021-06-26;;4257289.0;
1391;2021-06-27;;4258069.0;
1392;2021-06-28;;4258456.0;
1393;2021-06-29;;4259133.0;
1394;2021-06-30;;4259909.0;
1395;2021-07-01;;4260788.0;
1396;2021-07-02;;4261582.0;
1397;2021-07-03;;4262511.0;
1398;2021-07-04;;4263317.0;
1399;2021-07-05;;4263797.0;
1400;2021-07-06;;4264704.0;
1401;2021-07-07;;4265714.0;
1402;2021-07-08;;4267105.0;
1403;2021-07-09;;4268491.0;
1404;2021-07-10;;4269885.0;
1405;2021-07-11;;4271276.0;
1406;2021-07-12;;4272163.0;
1407;2021-07-13;;4273693.0;
1408;2021-07-14;;4275846.0;
1409;2021-07-15;;4278319.0;
1410;2021-07-16;;4281214.0;
1411;2021-07-17;;4284332.0;
1412;2021-07-18;;4287458.0;
1413;2021-07-19;;4289528.0;
1414;2021-07-20;;4293083.0;
1415;2021-07-21;;4297337.0;
1416;2021-07-22;;4302393.0;
1417;2021-07-23;;4307535.0;
1418;2021-07-24;;4312673.0;
1419;2021-07-25;;4317415.0;
1420;2021-07-26;;4320530.0;
1421;2021-07-27;;4325046.0;
1422;2021-07-28;;4330739.0;
1423;2021-07-29;;4336906.0;
1424;2021-07-30;;4343519.0;
1425;2021-07-31;;4350028.0;
1426;2021-08-01;;4355348.0;
1427;2021-08-02;;4358533.0;
1428;2021-08-03;;4363374.0;
1429;2021-08-04;;4369964.0;
1430;2021-08-05;;4377188.0;
1431;2021-08-06;;4383787.0;
1432;2021-08-07;;4390684.0;
1433;2021-08-08;;4396417.0;
1434;2021-08-09;;4400617.0;
1435;2021-08-10;;4406241.0;
1436;2021-08-11;;4413162.0;
1437;2021-08-12;;4420429.0;
1438;2021-08-13;;4427827.0;
1439;2021-08-14;;4435008.0;
1440;2021-08-15;;4440669.0;
1441;2021-08-16;;4444338.0;
1442;2021-08-17;;4449606.0;
1443;2021-08-18;;4456765.0;
1444;2021-08-19;;4464005.0;
1445;2021-08-20;;4471225.0;
1446;2021-08-21;;4478691.0;
1447;2021-08-22;;4484613.0;
1448;2021-08-23;;4488779.0;
1449;2021-08-24;;4494857.0;
1450;2021-08-25;;4502396.0;
1451;2021-08-26;;4509611.0;
1452;2021-08-27;;4517434.0;
1453;2021-08-28;;4524292.0;
1454;2021-08-29;;4530246.0;
1455;2021-08-30;;4534499.0;
1456;2021-08-31;;4539991.0;
1457;2021-09-01;;4546487.0;
1458;2021-09-02;;4553241.0;
1459;2021-09-03;;4559970.0;
1460;2021-09-04;;4566126.0;
1461;2021-09-05;;4571440.0;
1462;2021-09-06;;4574787.0;
1463;2021-09-07;;4579502.0;
1464;2021-09-08;;4585423.0;
1465;2021-09-09;;4590941.0;
1466;2021-09-10;;4596558.0;
1467;2021-09-11;;4601749.0;
1468;2021-09-12;;4606413.0;
1469;2021-09-13;;4609205.0;
1470;2021-09-14;;4613214.0;
1471;2021-09-15;;4618040.0;
1472;2021-09-16;;4623155.0;
1473;2021-09-17;;4627699.0;
1474;2021-09-18;;4632275.0;
1475;2021-09-19;;4636111.0;
1476;2021-09-20;;4638516.0;
1477;2021-09-21;;4641890.0;
1478;2021-09-22;;4645853.0;
1479;2021-09-23;;4649906.0;
1480;2021-09-24;;4653696.0;
1481;2021-09-25;;4657215.0;
1482;2021-09-26;;4660314.0;
1483;2021-09-27;;4662087.0;
1484;2021-09-28;;4665049.0;
1485;2021-09-29;;4668261.0;
1486;2021-09-30;;4672355.0;
1487;2021-10-01;;4675758.0;
1488;2021-10-02;;4679067.0;
1489;2021-10-03;;4682034.0;
1490;2021-10-04;;4683646.0;
1491;2021-10-05;;4686109.0;
1492;2021-10-06;;4689341.0;
1493;2021-10-07;;4692274.0;
1494;2021-10-08;;4695291.0;
1495;2021-10-09;;4698038.0;
1496;2021-10-10;;4700316.0;
1497;2021-10-11;;4701832.0;
1498;2021-10-12;;4704318.0;
1499;2021-10-13;;4707087.0;
1500;2021-10-14;;4709753.0;
1501;2021-10-15;;4712482.0;
1502;2021-10-16;;4715464.0;
1503;2021-10-17;;4717899.0;
1504;2021-10-18;;4719493.0;
1505;2021-10-19;;4722188.0;
1506;2021-10-20;;4725887.0;
1507;2021-10-21;;4729678.0;
1508;2021-10-22;;4733557.0;
1509;2021-10-23;;4737462.0;
1510;2021-10-24;;4741185.0;
1511;2021-10-25;;4743720.0;
1512;2021-10-26;;4747773.0;
1513;2021-10-27;;4752368.0;
1514;2021-10-28;;4757231.0;
1515;2021-10-29;;4762563.0;
1516;2021-10-30;;4767440.0;
1517;2021-10-31;;4771965.0;
1518;2021-11-01;;4774783.0;
1519;2021-11-02;;4777614.0;
1520;2021-11-03;;4782802.0;
1521;2021-11-04;;4788704.0;
1522;2021-11-05;;4795465.0;
1523;2021-11-06;;4802225.0;
1524;2021-11-07;;4808047.0;
1525;2021-11-08;;4812594.0;
1526;2021-11-09;;4818705.0;
1527;2021-11-10;;4826738.0;
1528;2021-11-11;;4835435.0;
1529;2021-11-12;;4843957.0;
1530;2021-11-13;;4852496.0;
1531;2021-11-14;;4860061.0;
1532;2021-11-15;;4865260.0;
1533;2021-11-16;;4873075.0;
1534;2021-11-17;;4883242.0;
1535;2021-11-18;;4893887.0;
1536;2021-11-19;;4904441.0;
1537;2021-11-20;;4915981.0;
1538;2021-11-21;;4925688.0;
1539;2021-11-22;;4932091.0;
1540;2021-11-23;;4942135.0;
1541;2021-11-24;;4954585.0;
1542;2021-11-25;;4968341.0;
1543;2021-11-26;;4982022.0;
1544;2021-11-27;;4994891.0;
1545;2021-11-28;;5007818.0;
1546;2021-11-29;;5015790.0;
1547;2021-11-30;;5028547.0;
1548;2021-12-01;;5043620.0;
1549;2021-12-02;;5060430.0;
1550;2021-12-03;;5077445.0;
1551;2021-12-04;;5094072.0;
1552;2021-12-05;;5109082.0;
1553;2021-12-06;;5118576.0;
1554;2021-12-07;;5134318.0;
1555;2021-12-08;;5152264.0;
1556;2021-12-09;;5164780.0;
1557;2021-12-10;;5185270.0;
1558;2021-12-11;;5206305.0;
1559;2021-12-12;;5225517.0;
1560;2021-12-13;;5238221.0;
1561;2021-12-14;;5258886.0;
1562;2021-12-15;;5282076.0;
1563;2021-12-16;;5308180.0;
1564;2021-12-17;;5336795.0;
1565;2021-12-18;;5364852.0;
1566;2021-12-19;;5389155.0;
1567;2021-12-20;;5405360.0;
1568;2021-12-21;;5436143.0;
1569;2021-12-22;;5472469.0;
1570;2021-12-23;;5517054.0;
1571;2021-12-24;;5567644.0;
1572;2021-12-25;;5622431.0;
1573;2021-12-26;;5647313.0;
1574;2021-12-27;;5678112.0;
1575;2021-12-28;;5756412.0;
1576;2021-12-29;;5854428.0;
1577;2021-12-30;;5981428.0;
1578;2021-12-31;;6125683.0;
1579;2022-01-01;;6266939.0;
1580;2022-01-02;;6328076.0;
1581;2022-01-03;;6396110.0;
1582;2022-01-04;;6566947.0;
1583;2022-01-05;;6756035.0;
1584;2022-01-06;;6975465.0;
1585;2022-01-07;;7083762.0;
1586;2022-01-08;;7281297.0;
1587;2022-01-09;;7436939.0;
1588;2022-01-10;;7554344.0;
1589;2022-01-11;;7774863.0;
1590;2022-01-12;;7971068.0;
1591;2022-01-13;;8155645.0;
1592;2022-01-14;;8356514.0;
1593;2022-01-15;;8549450.0;
1594;2022-01-16;;8706915.0;
1595;2022-01-17;;8790302.0;
1596;2022-01-18;;9018425.0;
1597;2022-01-19;;9219391.0;
1598;2022-01-20;;9418256.0;
1599;2022-01-21;;9603856.0;
1600;2022-01-22;;9781191.0;
1601;2022-01-23;;9923678.0;
1602;2022-01-24;;10001344.0;
1603;2022-01-25;;10212621.0;
1604;2022-01-26;;10383561.0;
1605;2022-01-27;;10539601.0;
1606;2022-01-28;;10683948.0;
1607;2022-01-29;;10821375.0;
1608;2022-01-30;;10925485.0;
1609;2022-01-31;;10983116.0;
1610;2022-02-01;;11116422.0;
1611;2022-02-02;;11235745.0;
1612;2022-02-03;;11348701.0;
1613;2022-02-04;;11449601.0;
1614;2022-02-05;;11542793.0;
1615;2022-02-06;;11621736.0;
1616;2022-02-07;;11663338.0;
1617;2022-02-08;;11765767.0;
1618;2022-02-09;;11847436.0;
1619;2022-02-10;;11923631.0;
1620;2022-02-11;;11991109.0;
1621;2022-02-12;;12053330.0;
1622;2022-02-13;;12105675.0;
1623;2022-02-14;;12134451.0;
1624;2022-02-15;;12205474.0;
1625;2022-02-16;;12265343.0;
1626;2022-02-17;;12323398.0;
1627;2022-02-18;;12377098.0;
1628;2022-02-19;;12427773.0;
1629;2022-02-20;;12469975.0;
1630;2022-02-21;;12494459.0;
1631;2022-02-22;;12554596.0;
1632;2022-02-23;;12603758.0;
1633;2022-02-24;;12651251.0;
1634;2022-02-25;;12693320.0;
1635;2022-02-26;;12732680.0;
1636;2022-02-27;;12764558.0;
1637;2022-02-28;;12782836.0;
1638;2022-03-01;;12829972.0;
1639;2022-03-02;;12867918.0;
1640;2022-03-03;;12910506.0;
1641;2022-03-04;;12948859.0;
1642;2022-03-05;;12990223.0;
1643;2022-03-06;;13026112.0;
1644;2022-03-07;;13048774.0;
1645;2022-03-08;;13109527.0;
1646;2022-03-09;;13159342.0;
1647;2022-03-10;;13214498.0;
1648;2022-03-11;;13268459.0;
1649;2022-03-12;;13323179.0;
1650;2022-03-13;;13373207.0;
1651;2022-03-14;;13402905.0;
1652;2022-03-15;;13489319.0;
1653;2022-03-16;;13563466.0;
1654;2022-03-17;;13645834.0;
1655;2022-03-18;;13724411.0;
1656;2022-03-19;;13800179.0;
1657;2022-03-20;;13861743.0;
1658;2022-03-21;;13895188.0;
1659;2022-03-22;;13992092.0;
1660;2022-03-23;;14070450.0;
1661;2022-03-24;;14153098.0;
1662;2022-03-25;;14229495.0;
1663;2022-03-26;;14304111.0;
1664;2022-03-27;;14364723.0;
1665;2022-03-28;;14396283.0;
1666;2022-03-29;;14496579.0;
1667;2022-03-30;;14567990.0;
1668;2022-03-31;;14642354.0;
1669;2022-04-01;;14719394.0;
1670;2022-04-02;;14790806.0;
1671;2022-04-03;;14845815.0;
1672;2022-04-04;;14877144.0;
1673;2022-04-05;;14966058.0;
1674;2022-04-06;;15035943.0;
1675;2022-04-07;;15106066.0;
1676;2022-04-08;;15173707.0;
1677;2022-04-09;;15238128.0;
1678;2022-04-10;;15292048.0;
1679;2022-04-11;;15320753.0;
1680;2022-04-12;;15404809.0;
1681;2022-04-13;;15467395.0;
1682;2022-04-14;;15533012.0;
1683;2022-04-15;;15595302.0;
1684;2022-04-16;;15659835.0;
1685;2022-04-17;;15712088.0;
1686;2022-04-18;;15730676.0;
1687;2022-04-19;;15758002.0;
1688;2022-04-20;;15858442.0;
1689;2022-04-21;;15934437.0;
1690;2022-04-22;;16008181.0;
1691;2022-04-23;;16079209.0;
1692;2022-04-24;;16136057.0;
1693;2022-04-25;;16161339.0;
1694;2022-04-26;;16191323.0;
1695;2022-04-27;;16279754.0;
1696;2022-04-28;;16349788.0;
1697;2022-04-29;;16409183.0;
1698;2022-04-30;;16463200.0;
1699;2022-05-01;;16504791.0;
1700;2022-05-02;;16523859.0;
1701;2022-05-03;;16586268.0;
1702;2022-05-04;;16633911.0;
1703;2022-05-05;;16682626.0;
1704;2022-05-06;;16726990.0;
1705;2022-05-07;;16767773.0;
1706;2022-05-08;;16798998.0;
1707;2022-05-09;;16816419.0;
1708;2022-05-10;;16872618.0;
1709;2022-05-11;;16915301.0;
1710;2022-05-12;;16954784.0;
1711;2022-05-13;;16993813.0;
1712;2022-05-14;;17030147.0;
1713;2022-05-15;;17057873.0;
1714;2022-05-16;;17071649.0;
1715;2022-05-17;;17116550.0;
1716;2022-05-18;;17147477.0;
1717;2022-05-19;;17178199.0;
1718;2022-05-20;;17205017.0;
1719;2022-05-21;;17229263.0;
1720;2022-05-22;;17247552.0;
1721;2022-05-23;;17257573.0;
1722;2022-05-24;;17288287.0;
1723;2022-05-25;;17312432.0;
1724;2022-05-26;;17333299.0;
1725;2022-05-27;;17355119.0;
1726;2022-05-28;;17373741.0;
1727;2022-05-29;;17388877.0;
1728;2022-05-30;;17396723.0;
1729;2022-05-31;;17421410.0;
1730;2022-06-01;;17440232.0;
1731;2022-06-02;;17457950.0;
1732;2022-06-03;;17467642.0;
1733;2022-06-04;;17490451.0;
1734;2022-06-05;;17505973.0;
1735;2022-06-06;;17514589.0;
1736;2022-06-07;;17543136.0;
1737;2022-06-08;;17566061.0;
1738;2022-06-09;;17589595.0;
1739;2022-06-10;;17611607.0;
1740;2022-06-11;;17634065.0;
1741;2022-06-12;;17653375.0;
1742;2022-06-13;;17664043.0;
1743;2022-06-14;;17703887.0;
1744;2022-06-15;;17736696.0;
1745;2022-06-16;;17773764.0;
1746;2022-06-17;;17809934.0;
1747;2022-06-18;;17844905.0;
1748;2022-06-19;;17879160.0;
1749;2022-06-20;;17896065.0;
1750;2022-06-21;;17959329.0;
1751;2022-06-22;;18014202.0;
1752;2020-02-01;;;1.0
1753;2020-02-02;;;1.0
1754;2020-02-03;;;1.0
1755;2020-02-04;;;1.0
1756;2020-02-05;;;1.0
1757;2020-02-06;;;1.0
1758;2020-02-07;;;1.0
1759;2020-02-08;;;1.0
1760;2020-02-09;;;2.0
1761;2020-02-10;;;2.0
1762;2020-02-11;;;2.0
1763;2020-02-12;;;2.0
1764;2020-02-13;;;2.0
1765;2020-02-14;;;2.0
1766;2020-02-15;;;2.0
1767;2020-02-16;;;2.0
1768;2020-02-17;;;2.0
1769;2020-02-18;;;2.0
1770;2020-02-19;;;2.0
1771;2020-02-20;;;2.0
1772;2020-02-21;;;2.0
1773;2020-02-22;;;2.0
1774;2020-02-23;;;2.0
1775;2020-02-24;;;2.0
1776;2020-02-25;;;6.0
1777;2020-02-26;;;13.0
1778;2020-02-27;;;15.0
1779;2020-02-28;;;32.0
1780;2020-02-29;;;45.0
1781;2020-03-01;;;84.0
1782;2020-03-02;;;120.0
1783;2020-03-03;;;165.0
1784;2020-03-04;;;222.0
1785;2020-03-05;;;259.0
1786;2020-03-06;;;400.0
1787;2020-03-07;;;500.0
1788;2020-03-08;;;673.0
1789;2020-03-09;;;1073.0
1790;2020-03-10;;;1695.0
1791;2020-03-11;;;2277.0
1792;2020-03-12;;;2277.0
1793;2020-03-13;;;5232.0
1794;2020-03-14;;;6391.0
1795;2020-03-15;;;7798.0
1796;2020-03-16;;;9942.0
1797;2020-03-17;;;11748.0
1798;2020-03-18;;;13910.0
1799;2020-03-19;;;17963.0
1800;2020-03-20;;;20410.0
1801;2020-03-21;;;25374.0
1802;2020-03-22;;;28768.0
1803;2020-03-23;;;35136.0
1804;2020-03-24;;;39885.0
1805;2020-03-25;;;49515.0
1806;2020-03-26;;;57786.0
1807;2020-03-27;;;65719.0
1808;2020-03-28;;;73235.0
1809;2020-03-29;;;80110.0
1810;2020-03-30;;;87956.0
1811;2020-03-31;;;95923.0
1812;2020-04-01;;;104118.0
1813;2020-04-02;;;112065.0
1814;2020-04-03;;;119199.0
1815;2020-04-04;;;126168.0
1816;2020-04-05;;;131646.0
1817;2020-04-06;;;136675.0
1818;2020-04-07;;;141942.0
1819;2020-04-08;;;148220.0
1820;2020-04-09;;;153222.0
1821;2020-04-10;;;158273.0
1822;2020-04-11;;;163027.0
1823;2020-04-12;;;166831.0
1824;2020-04-13;;;170099.0
1825;2020-04-14;;;172541.0
1826;2020-04-15;;;177644.0
1827;2020-04-16;;;184948.0
1828;2020-04-17;;;190839.0
1829;2020-04-18;;;191726.0
1830;2020-04-19;;;198674.0
1831;2020-04-20;;;200210.0
1832;2020-04-21;;;204178.0
1833;2020-04-22;;;208389.0
1834;2020-04-23;;;213024.0
1835;2020-04-24;;;202990.0
1836;2020-04-25;;;205905.0
1837;2020-04-26;;;207634.0
1838;2020-04-27;;;209465.0
1839;2020-04-28;;;210773.0
1840;2020-04-29;;;212917.0
1841;2020-04-30;;;213435.0
1842;2020-05-01;;;215216.0
1843;2020-05-02;;;216582.0
1844;2020-05-03;;;217466.0
1845;2020-05-04;;;218011.0
1846;2020-05-05;;;219329.0
1847;2020-05-06;;;220325.0
1848;2020-05-07;;;221447.0
1849;2020-05-08;;;222857.0
1850;2020-05-09;;;223578.0
1851;2020-05-10;;;224350.0
1852;2020-05-11;;;227436.0
1853;2020-05-12;;;228030.0
1854;2020-05-13;;;228691.0
1855;2020-05-14;;;229540.0
1856;2020-05-15;;;230183.0
1857;2020-05-16;;;230698.0
1858;2020-05-17;;;230698.0
1859;2020-05-18;;;231606.0
1860;2020-05-19;;;232037.0
1861;2020-05-20;;;232555.0
1862;2020-05-21;;;233037.0
1863;2020-05-22;;;234824.0
1864;2020-05-23;;;235290.0
1865;2020-05-24;;;235772.0
1866;2020-05-25;;;235400.0
1867;2020-05-26;;;236259.0
1868;2020-05-27;;;236259.0
1869;2020-05-28;;;237906.0
1870;2020-05-29;;;238564.0
1871;2020-05-30;;;239228.0
1872;2020-05-31;;;239479.0
1873;2020-06-01;;;239638.0
1874;2020-06-02;;;239932.0
1875;2020-06-03;;;240326.0
1876;2020-06-04;;;240660.0
1877;2020-06-05;;;240978.0
1878;2020-06-06;;;241310.0
1879;2020-06-07;;;241550.0
1880;2020-06-08;;;241717.0
1881;2020-06-09;;;241966.0
1882;2020-06-10;;;242280.0
1883;2020-06-11;;;242707.0
1884;2020-06-12;;;243209.0
1885;2020-06-13;;;243605.0
1886;2020-06-14;;;243928.0
1887;2020-06-15;;;244109.0
1888;2020-06-16;;;244328.0
1889;2020-06-17;;;244683.0
1890;2020-06-18;;;245268.0
1891;2020-06-19;;;245575.0
1892;2020-06-20;;;245938.0
1893;2020-06-21;;;246272.0
1894;2020-06-22;;;246504.0
1895;2020-06-23;;;246752.0
1896;2020-06-24;;;247086.0
1897;2020-06-25;;;247486.0
1898;2020-06-26;;;247905.0
1899;2020-06-27;;;248469.0
1900;2020-06-28;;;248770.0
1901;2020-06-29;;;248970.0
1902;2020-06-30;;;249271.0
1903;2020-07-01;;;249659.0
1904;2020-07-02;;;250103.0
1905;2020-07-03;;;250545.0
1906;2020-07-04;;;250545.0
1907;2020-07-05;;;250545.0
1908;2020-07-06;;;251789.0
1909;2020-07-07;;;252130.0
1910;2020-07-08;;;252513.0
1911;2020-07-09;;;253056.0
1912;2020-07-10;;;253908.0
1913;2020-07-11;;;253908.0
1914;2020-07-12;;;253908.0
1915;2020-07-13;;;255953.0
1916;2020-07-14;;;256619.0
1917;2020-07-15;;;257494.0
1918;2020-07-16;;;258855.0
1919;2020-07-17;;;260255.0
1920;2020-07-18;;;260255.0
1921;2020-07-19;;;260255.0
1922;2020-07-20;;;264836.0
1923;2020-07-21;;;266194.0
1924;2020-07-22;;;267551.0
1925;2020-07-23;;;270166.0
1926;2020-07-24;;;272421.0
1927;2020-07-25;;;272421.0
1928;2020-07-26;;;272421.0
1929;2020-07-27;;;278782.0
1930;2020-07-28;;;280610.0
1931;2020-07-29;;;282641.0
1932;2020-07-30;;;285430.0
1933;2020-07-31;;;288522.0
1934;2020-08-01;;;288522.0
1935;2020-08-02;;;288522.0
1936;2020-08-03;;;297054.0
1937;2020-08-04;;;302814.0
1938;2020-08-05;;;305767.0
1939;2020-08-06;;;309855.0
1940;2020-08-07;;;314362.0
1941;2020-08-08;;;314362.0
1942;2020-08-09;;;314362.0
1943;2020-08-10;;;322980.0
1944;2020-08-11;;;326612.0
1945;2020-08-12;;;329784.0
1946;2020-08-13;;;337334.0
1947;2020-08-14;;;342813.0
1948;2020-08-15;;;342813.0
1949;2020-08-16;;;342813.0
1950;2020-08-17;;;359082.0
1951;2020-08-18;;;364196.0
1952;2020-08-19;;;370867.0
1953;2020-08-20;;;377906.0
1954;2020-08-21;;;386054.0
1955;2020-08-22;;;386054.0
1956;2020-08-23;;;386054.0
1957;2020-08-24;;;405436.0
1958;2020-08-25;;;412553.0
1959;2020-08-26;;;419849.0
1960;2020-08-27;;;429507.0
1961;2020-08-28;;;439286.0
1962;2020-08-29;;;439286.0
1963;2020-08-30;;;439286.0
1964;2020-08-31;;;462858.0
1965;2020-09-01;;;470973.0
1966;2020-09-02;;;479554.0
1967;2020-09-03;;;488513.0
1968;2020-09-04;;;498989.0
1969;2020-09-05;;;498989.0
1970;2020-09-06;;;498989.0
1971;2020-09-07;;;525549.0
1972;2020-09-08;;;534513.0
1973;2020-09-09;;;543379.0
1974;2020-09-10;;;554143.0
1975;2020-09-11;;;566326.0
1976;2020-09-12;;;566326.0
1977;2020-09-13;;;566326.0
1978;2020-09-14;;;593730.0
1979;2020-09-15;;;603167.0
1980;2020-09-16;;;614360.0
1981;2020-09-17;;;625651.0
1982;2020-09-18;;;640040.0
1983;2020-09-19;;;640040.0
1984;2020-09-20;;;640040.0
1985;2020-09-21;;;671468.0
1986;2020-09-22;;;682267.0
1987;2020-09-23;;;693556.0
1988;2020-09-24;;;704209.0
1989;2020-09-25;;;716481.0
1990;2020-09-26;;;716481.0
1991;2020-09-27;;;716481.0
1992;2020-09-28;;;748266.0
1993;2020-09-29;;;748266.0
1994;2020-09-30;;;769188.0
1995;2020-10-01;;;778607.0
1996;2020-10-02;;;789932.0
1997;2020-10-03;;;789932.0
1998;2020-10-04;;;789932.0
1999;2020-10-05;;;813412.0
2000;2020-10-06;;;825410.0
2001;2020-10-07;;;835901.0
2002;2020-10-08;;;848324.0
2003;2020-10-09;;;861112.0
2004;2020-10-10;;;861112.0
2005;2020-10-11;;;861112.0
2006;2020-10-12;;;888968.0
2007;2020-10-13;;;896086.0
2008;2020-10-14;;;908056.0
2009;2020-10-15;;;921374.0
2010;2020-10-16;;;936560.0
2011;2020-10-17;;;936560.0
2012;2020-10-18;;;936560.0
2013;2020-10-19;;;974449.0
2014;2020-10-20;;;988322.0
2015;2020-10-21;;;1005295.0
2016;2020-10-22;;;1026281.0
2017;2020-10-23;;;1046132.0
2018;2020-10-24;;;1046132.0
2019;2020-10-25;;;1046132.0
2020;2020-10-26;;;1098320.0
2021;2020-10-27;;;1116738.0
2022;2020-10-28;;;1136503.0
2023;2020-10-29;;;1160083.0
2024;2020-10-30;;;1185678.0
2025;2020-10-31;;;1185678.0
2026;2020-11-01;;;1185678.0
2027;2020-11-02;;;1240697.0
2028;2020-11-03;;;1259366.0
2029;2020-11-04;;;1284408.0
2030;2020-11-05;;;1306316.0
2031;2020-11-06;;;1328832.0
2032;2020-11-07;;;1328832.0
2033;2020-11-08;;;1328832.0
2034;2020-11-09;;;1381218.0
2035;2020-11-10;;;1381218.0
2036;2020-11-11;;;1417709.0
2037;2020-11-12;;;1437220.0
2038;2020-11-13;;;1458591.0
2039;2020-11-14;;;1458591.0
2040;2020-11-15;;;1458591.0
2041;2020-11-16;;;1496864.0
2042;2020-11-17;;;1510023.0
2043;2020-11-18;;;1525341.0
2044;2020-11-19;;;1541574.0
2045;2020-11-20;;;1556730.0
2046;2020-11-21;;;1556730.0
2047;2020-11-22;;;1556730.0
2048;2020-11-23;;;1582616.0
2049;2020-11-24;;;1594844.0
2050;2020-11-25;;;1605066.0
2051;2020-11-26;;;1617355.0
2052;2020-11-27;;;1628208.0
2053;2020-11-28;;;1628208.0
2054;2020-11-29;;;1628208.0
2055;2020-11-30;;;1648187.0
2056;2020-12-01;;;1656444.0
2057;2020-12-02;;;1665775.0
2058;2020-12-03;;;1675902.0
2059;2020-12-04;;;1684647.0
2060;2020-12-05;;;1684647.0
2061;2020-12-06;;;1684647.0
2062;2020-12-07;;;1702328.0
2063;2020-12-08;;;1702328.0
2064;2020-12-09;;;1712101.0
2065;2020-12-10;;;1720056.0
2066;2020-12-11;;;1730575.0
2067;2020-12-12;;;1730575.0
2068;2020-12-13;;;1730575.0
2069;2020-12-14;;;1751884.0
2070;2020-12-15;;;1762212.0
2071;2020-12-16;;;1773290.0
2072;2020-12-17;;;1785421.0
2073;2020-12-18;;;1797236.0
2074;2020-12-19;;;1797236.0
2075;2020-12-20;;;1797236.0
2076;2020-12-21;;;1819249.0
2077;2020-12-22;;;1829903.0
2078;2020-12-23;;;1842289.0
2079;2020-12-24;;;1854951.0
2080;2020-12-25;;;1854951.0
2081;2020-12-26;;;1854951.0
2082;2020-12-27;;;1854951.0
2083;2020-12-28;;;1879413.0
2084;2020-12-29;;;1893502.0
2085;2020-12-30;;;1910218.0
2086;2020-12-31;;;1928265.0
2087;2021-01-01;;;1928265.0
2088;2021-01-02;;;1928265.0
2089;2021-01-03;;;1928265.0
2090;2021-01-04;;;1958844.0
2091;2021-01-05;;;1982544.0
2092;2021-01-06;;;1982544.0
2093;2021-01-07;;;2024904.0
2094;2021-01-08;;;2050360.0
2095;2021-01-09;;;2050360.0
2096;2021-01-10;;;2050360.0
2097;2021-01-11;;;2111782.0
2098;2021-01-12;;;2137220.0
2099;2021-01-13;;;2176089.0
2100;2021-01-14;;;2211967.0
2101;2021-01-15;;;2252164.0
2102;2021-01-16;;;2252164.0
2103;2021-01-17;;;2252164.0
2104;2021-01-18;;;2336451.0
2105;2021-01-19;;;2370742.0
2106;2021-01-20;;;2412318.0
2107;2021-01-21;;;2456675.0
2108;2021-01-22;;;2499560.0
2109;2021-01-23;;;2499560.0
2110;2021-01-24;;;2499560.0
2111;2021-01-25;;;2593382.0
2112;2021-01-26;;;2629817.0
2113;2021-01-27;;;2670102.0
2114;2021-01-28;;;2705001.0
2115;2021-01-29;;;2743119.0
2116;2021-01-30;;;2743119.0
2117;2021-01-31;;;2743119.0
2118;2021-02-01;;;2822805.0
2119;2021-02-02;;;2851869.0
2120;2021-02-03;;;2883465.0
2121;2021-02-04;;;2913425.0
2122;2021-02-05;;;2941990.0
2123;2021-02-06;;;2941990.0
2124;2021-02-07;;;2941990.0
2125;2021-02-08;;;2989085.0
2126;2021-02-09;;;3005487.0
2127;2021-02-10;;;3023601.0
2128;2021-02-11;;;3041454.0
2129;2021-02-12;;;3056035.0
2130;2021-02-13;;;3056035.0
2131;2021-02-14;;;3056035.0
2132;2021-02-15;;;3086286.0
2133;2021-02-16;;;3096343.0
2134;2021-02-17;;;3107172.0
2135;2021-02-18;;;3121687.0
2136;2021-02-19;;;3133122.0
2137;2021-02-20;;;3133122.0
2138;2021-02-21;;;3133122.0
2139;2021-02-22;;;3153971.0
2140;2021-02-23;;;3161432.0
2141;2021-02-24;;;3170644.0
2142;2021-02-25;;;3180212.0
2143;2021-02-26;;;3188553.0
2144;2021-02-27;;;3188553.0
2145;2021-02-28;;;3188553.0
2146;2021-03-01;;;3204531.0
2147;2021-03-02;;;3130184.0
2148;2021-03-03;;;3136321.0
2149;2021-03-04;;;3142358.0
2150;2021-03-05;;;3149012.0
2151;2021-03-06;;;3149012.0
2152;2021-03-07;;;3149012.0
2153;2021-03-08;;;3160970.0
2154;2021-03-09;;;3164982.0
2155;2021-03-10;;;3172101.0
2156;2021-03-11;;;3178356.0
2157;2021-03-12;;;3183704.0
2158;2021-03-13;;;3183704.0
2159;2021-03-14;;;3183704.0
2160;2021-03-15;;;3195062.0
2161;2021-03-16;;;3200024.0
2162;2021-03-17;;;3206116.0
2163;2021-03-18;;;3212332.0
2164;2021-03-19;;;3212332.0
2165;2021-03-20;;;3212332.0
2166;2021-03-21;;;3212332.0
2167;2021-03-22;;;3228803.0
2168;2021-03-23;;;3234319.0
2169;2021-03-24;;;3234319.0
2170;2021-03-25;;;3247738.0
2171;2021-03-26;;;3255324.0
2172;2021-03-27;;;3255324.0
2173;2021-03-28;;;3255324.0
2174;2021-03-29;;;3270825.0
2175;2021-03-30;;;3275819.0
2176;2021-03-31;;;3284353.0
2177;2021-04-01;;;3291394.0
2178;2021-04-02;;;3291394.0
2179;2021-04-03;;;3300965.0
2180;2021-04-04;;;3300965.0
2181;2021-04-05;;;3311325.0
2182;2021-04-06;;;3317948.0
2183;2021-04-07;;;3326736.0
2184;2021-04-08;;;3336637.0
2185;2021-04-09;;;3347512.0
2186;2021-04-10;;;3347512.0
2187;2021-04-11;;;3347512.0
2188;2021-04-12;;;3370256.0
2189;2021-04-13;;;3376548.0
2190;2021-04-14;;;3387022.0
2191;2021-04-15;;;3396685.0
2192;2021-04-16;;;3407283.0
2193;2021-04-17;;;3407283.0
2194;2021-04-18;;;3407283.0
2195;2021-04-19;;;3428354.0
2196;2021-04-20;;;3428354.0
2197;2021-04-21;;;3446072.0
2198;2021-04-22;;;3456886.0
2199;2021-04-23;;;3468617.0
2200;2021-04-24;;;3468617.0
2201;2021-04-25;;;3468617.0
2202;2021-04-26;;;3488469.0
2203;2021-04-27;;;3496134.0
2204;2021-04-28;;;3504799.0
2205;2021-04-29;;;3514942.0
2206;2021-04-30;;;3524077.0
2207;2021-05-01;;;3524077.0
2208;2021-05-02;;;3524077.0
2209;2021-05-03;;;3540430.0
2210;2021-05-04;;;3544945.0
2211;2021-05-05;;;3551262.0
2212;2021-05-06;;;3559222.0
2213;2021-05-07;;;3567408.0
2214;2021-05-08;;;3567408.0
2215;2021-05-09;;;3567408.0
2216;2021-05-10;;;3581392.0
2217;2021-05-11;;;3586333.0
2218;2021-05-12;;;3592751.0
2219;2021-05-13;;;3598452.0
2220;2021-05-14;;;3604799.0
2221;2021-05-15;;;3604799.0
2222;2021-05-16;;;3604799.0
2223;2021-05-17;;;3615860.0
2224;2021-05-18;;;3619848.0
2225;2021-05-19;;;3625928.0
2226;2021-05-20;;;3631661.0
2227;2021-05-21;;;3636453.0
2228;2021-05-22;;;3636453.0
2229;2021-05-23;;;3636453.0
2230;2021-05-24;;;3647520.0
2231;2021-05-25;;;3652879.0
2232;2021-05-26;;;3657886.0
2233;2021-05-27;;;3663176.0
2234;2021-05-28;;;3668658.0
2235;2021-05-29;;;3668658.0
2236;2021-05-30;;;3668658.0
2237;2021-05-31;;;3678390.0
2238;2021-06-01;;;3682778.0
2239;2021-06-02;;;3687762.0
2240;2021-06-03;;;3693012.0
2241;2021-06-04;;;3697981.0
2242;2021-06-05;;;3697981.0
2243;2021-06-06;;;3697981.0
2244;2021-06-07;;;3707523.0
2245;2021-06-08;;;3711027.0
2246;2021-06-09;;;3715454.0
2247;2021-06-10;;;3729458.0
2248;2021-06-11;;;3733600.0
2249;2021-06-12;;;3733600.0
2250;2021-06-13;;;3733600.0
2251;2021-06-14;;;3741767.0
2252;2021-06-15;;;3745199.0
2253;2021-06-16;;;3749031.0
2254;2021-06-17;;;3753228.0
2255;2021-06-18;;;3757442.0
2256;2021-06-19;;;3757442.0
2257;2021-06-20;;;3757442.0
2258;2021-06-21;;;3764651.0
2259;2021-06-22;;;3768691.0
2260;2021-06-23;;;3773032.0
2261;2021-06-24;;;3777539.0
2262;2021-06-25;;;3782463.0
2263;2021-06-26;;;3782463.0
2264;2021-06-27;;;3782463.0
2265;2021-06-28;;;3792642.0
2266;2021-06-29;;;3799733.0
2267;2021-06-30;;;3808960.0
2268;2021-07-01;;;3821305.0
2269;2021-07-02;;;3833868.0
2270;2021-07-03;;;3833868.0
2271;2021-07-04;;;3833868.0
2272;2021-07-05;;;3866475.0
2273;2021-07-06;;;3880612.0
2274;2021-07-07;;;3897996.0
2275;2021-07-08;;;3915313.0
2276;2021-07-09;;;3937192.0
2277;2021-07-10;;;3937192.0
2278;2021-07-11;;;3937192.0
2279;2021-07-12;;;3971124.0
2280;2021-07-13;;;4015084.0
2281;2021-07-14;;;4041474.0
2282;2021-07-15;;;4069162.0
2283;2021-07-16;;;4100222.0
2284;2021-07-17;;;4100222.0
2285;2021-07-18;;;4100222.0
2286;2021-07-19;;;4161850.0
2287;2021-07-20;;;4189136.0
2288;2021-07-21;;;4219723.0
2289;2021-07-22;;;4249258.0
2290;2021-07-23;;;4280429.0
2291;2021-07-24;;;4280429.0
2292;2021-07-25;;;4280429.0
2293;2021-07-26;;;4342054.0
2294;2021-07-27;;;4368453.0
2295;2021-07-28;;;4395602.0
2296;2021-07-29;;;4422291.0
2297;2021-07-30;;;4447044.0
2298;2021-07-31;;;4447044.0
2299;2021-08-01;;;4447044.0
2300;2021-08-02;;;4502983.0
2301;2021-08-03;;;4523310.0
2302;2021-08-04;;;4545184.0
2303;2021-08-05;;;4566571.0
2304;2021-08-06;;;4588132.0
2305;2021-08-07;;;4588132.0
2306;2021-08-08;;;4588132.0
2307;2021-08-09;;;4627770.0
2308;2021-08-10;;;4643450.0
2309;2021-08-11;;;4660473.0
2310;2021-08-12;;;4677883.0
2311;2021-08-13;;;4693540.0
2312;2021-08-14;;;4693540.0
2313;2021-08-15;;;4693540.0
2314;2021-08-16;;;4719266.0
2315;2021-08-17;;;4733602.0
2316;2021-08-18;;;4745558.0
2317;2021-08-19;;;4758003.0
2318;2021-08-20;;;4770453.0
2319;2021-08-21;;;4770453.0
2320;2021-08-22;;;4770453.0
2321;2021-08-23;;;4794352.0
2322;2021-08-24;;;4804424.0
2323;2021-08-25;;;4815205.0
2324;2021-08-26;;;4822320.0
2325;2021-08-27;;;4831809.0
2326;2021-08-28;;;4831809.0
2327;2021-08-29;;;4831809.0
2328;2021-08-30;;;4847298.0
2329;2021-08-31;;;4855065.0
2330;2021-09-01;;;4861883.0
2331;2021-09-02;;;4871444.0
2332;2021-09-03;;;4877755.0
2333;2021-09-04;;;4877755.0
2334;2021-09-05;;;4877755.0
2335;2021-09-06;;;4887112.0
2336;2021-09-07;;;4892640.0
2337;2021-09-08;;;4898258.0
2338;2021-09-09;;;4903021.0
2339;2021-09-10;;;4907461.0
2340;2021-09-11;;;4907461.0
2341;2021-09-12;;;4907461.0
2342;2021-09-13;;;4915265.0
2343;2021-09-14;;;4918526.0
2344;2021-09-15;;;4922249.0
2345;2021-09-16;;;4926324.0
2346;2021-09-17;;;4929546.0
2347;2021-09-18;;;4929546.0
2348;2021-09-19;;;4929546.0
2349;2021-09-20;;;4935534.0
2350;2021-09-21;;;4937984.0
2351;2021-09-22;;;4940824.0
2352;2021-09-23;;;4943855.0
2353;2021-09-24;;;4946601.0
2354;2021-09-25;;;4946601.0
2355;2021-09-26;;;4946601.0
2356;2021-09-27;;;4951640.0
2357;2021-09-28;;;4953930.0
2358;2021-09-29;;;4956691.0
2359;2021-09-30;;;4959091.0
2360;2021-10-01;;;4961128.0
2361;2021-10-02;;;4961128.0
2362;2021-10-03;;;4961128.0
2363;2021-10-04;;;4965399.0
2364;2021-10-05;;;4967200.0
2365;2021-10-06;;;4969503.0
2366;2021-10-07;;;4971310.0
2367;2021-10-08;;;4973619.0
2368;2021-10-09;;;4973619.0
2369;2021-10-10;;;4973619.0
2370;2021-10-11;;;4977448.0
2371;2021-10-12;;;4977448.0
2372;2021-10-13;;;4980206.0
2373;2021-10-14;;;4982138.0
2374;2021-10-15;;;4984386.0
2375;2021-10-16;;;4984386.0
2376;2021-10-17;;;4984386.0
2377;2021-10-18;;;4988878.0
2378;2021-10-19;;;4990767.0
2379;2021-10-20;;;4993295.0
2380;2021-10-21;;;4995176.0
2381;2021-10-22;;;4997732.0
2382;2021-10-23;;;4997732.0
2383;2021-10-24;;;4997732.0
2384;2021-10-25;;;5002217.0
2385;2021-10-26;;;5004143.0
2386;2021-10-27;;;5006675.0
2387;2021-10-28;;;5008887.0
2388;2021-10-29;;;5011148.0
2389;2021-10-30;;;5011148.0
2390;2021-10-31;;;5011148.0
2391;2021-11-01;;;5011148.0
2392;2021-11-02;;;5016968.0
2393;2021-11-03;;;5019255.0
2394;2021-11-04;;;5022546.0
2395;2021-11-05;;;5025639.0
2396;2021-11-06;;;5025639.0
2397;2021-11-07;;;5025639.0
2398;2021-11-08;;;5032056.0
2399;2021-11-09;;;5032056.0
2400;2021-11-10;;;5038517.0
2401;2021-11-11;;;5042803.0
2402;2021-11-12;;;5047156.0
2403;2021-11-13;;;5047156.0
2404;2021-11-14;;;5047156.0
2405;2021-11-15;;;5056954.0
2406;2021-11-16;;;5061045.0
2407;2021-11-17;;;5067712.0
2408;2021-11-18;;;5074027.0
2409;2021-11-19;;;5080663.0
2410;2021-11-20;;;5080663.0
2411;2021-11-21;;;5080663.0
2412;2021-11-22;;;5096538.0
2413;2021-11-23;;;5103315.0
2414;2021-11-24;;;5111842.0
2415;2021-11-25;;;5121100.0
2416;2021-11-26;;;5131012.0
2417;2021-11-27;;;5131012.0
2418;2021-11-28;;;5131012.0
2419;2021-11-29;;;5153923.0
2420;2021-11-30;;;5164184.0
2421;2021-12-01;;;5174720.0
2422;2021-12-02;;;5189220.0
2423;2021-12-03;;;5202958.0
2424;2021-12-04;;;5202958.0
2425;2021-12-05;;;5202958.0
2426;2021-12-06;;;5202958.0
2427;2021-12-07;;;5246766.0
2428;2021-12-08;;;5246766.0
2429;2021-12-09;;;5273178.0
2430;2021-12-10;;;5290273.0
2431;2021-12-11;;;5290190.0
2432;2021-12-12;;;5290190.0
2433;2021-12-13;;;5339992.0
2434;2021-12-14;;;5366128.0
2435;2021-12-15;;;5393268.0
2436;2021-12-16;;;5422168.0
2437;2021-12-17;;;5455527.0
2438;2021-12-18;;;5455527.0
2439;2021-12-19;;;5455527.0
2440;2021-12-20;;;5535231.0
2441;2021-12-21;;;5585054.0
2442;2021-12-22;;;5645095.0
2443;2021-12-23;;;5718007.0
2444;2021-12-24;;;5718007.0
2445;2021-12-25;;;5718007.0
2446;2021-12-26;;;5718007.0
2447;2021-12-27;;;5932626.0
2448;2021-12-28;;;6032297.0
2449;2021-12-29;;;6133057.0
2450;2021-12-30;;;6294745.0
2451;2021-12-31;;;6294745.0
2452;2022-01-01;;;6294745.0
2453;2022-01-02;;;6294745.0
2454;2022-01-03;;;6667511.0
2455;2022-01-04;;;6785286.0
2456;2022-01-05;;;6922466.0
2457;2022-01-06;;;6922466.0
2458;2022-01-07;;;7164906.0
2459;2022-01-08;;;7164906.0
2460;2022-01-09;;;7164906.0
2461;2022-01-10;;;7457300.0
2462;2022-01-11;;;7592242.0
2463;2022-01-12;;;7771367.0
2464;2022-01-13;;;7930528.0
2465;2022-01-14;;;8093036.0
2466;2022-01-15;;;8093036.0
2467;2022-01-16;;;8093036.0
2468;2022-01-17;;;8424503.0
2469;2022-01-18;;;8518975.0
2470;2022-01-19;;;8676916.0
2471;2022-01-20;;;8834363.0
2472;2022-01-21;;;8975458.0
2473;2022-01-22;;;8975458.0
2474;2022-01-23;;;8975458.0
2475;2022-01-24;;;9280890.0
2476;2022-01-25;;;9395767.0
2477;2022-01-26;;;9529320.0
2478;2022-01-27;;;9660208.0
2479;2022-01-28;;;9779130.0
2480;2022-01-29;;;9779130.0
2481;2022-01-30;;;9779130.0
2482;2022-01-31;;;9961253.0
2483;2022-02-01;;;10039126.0
2484;2022-02-02;;;10125348.0
2485;2022-02-03;;;10199716.0
2486;2022-02-04;;;10199716.0
2487;2022-02-05;;;10199716.0
2488;2022-02-06;;;10199716.0
2489;2022-02-07;;;10395471.0
2490;2022-02-08;;;10439302.0
2491;2022-02-09;;;10502141.0
2492;2022-02-10;;;10555196.0
2493;2022-02-11;;;10604200.0
2494;2022-02-12;;;10604200.0
2495;2022-02-13;;;10604200.0
2496;2022-02-14;;;10672906.0
2497;2022-02-15;;;10707286.0
2498;2022-02-16;;;10744394.0
2499;2022-02-17;;;10778607.0
2500;2022-02-18;;;10809222.0
2501;2022-02-19;;;10809222.0
2502;2022-02-20;;;10809222.0
2503;2022-02-21;;;10858000.0
2504;2022-02-22;;;10880193.0
2505;2022-02-23;;;10914105.0
2506;2022-02-24;;;10949997.0
2507;2022-02-25;;;10977524.0
2508;2022-02-26;;;10977524.0
2509;2022-02-27;;;10977524.0
2510;2022-02-28;;;10977524.0
2511;2022-03-01;;;11036085.0
2512;2022-03-02;;;11054888.0
2513;2022-03-03;;;11078028.0
2514;2022-03-04;;;11100428.0
2515;2022-03-05;;;11100428.0
2516;2022-03-06;;;11100428.0
2517;2022-03-07;;;11136425.0
2518;2022-03-08;;;11159574.0
2519;2022-03-09;;;11181510.0
2520;2022-03-10;;;11204125.0
2521;2022-03-11;;;11223974.0
2522;2022-03-12;;;11223974.0
2523;2022-03-13;;;11223974.0
2524;2022-03-14;;;11223974.0
2525;2022-03-15;;;11260040.0
2526;2022-03-16;;;11260040.0
2527;2022-03-17;;;11260040.0
2528;2022-03-18;;;11324637.0
2529;2022-03-19;;;11324637.0
2530;2022-03-20;;;11324637.0
2531;2022-03-21;;;11324637.0
2532;2022-03-22;;;11378784.0
2533;2022-03-23;;;11378784.0
2534;2022-03-24;;;11378784.0
2535;2022-03-25;;;11451676.0
2536;2022-03-26;;;11451676.0
2537;2022-03-27;;;11451676.0
2538;2022-03-28;;;11451676.0
2539;2022-03-29;;;11508309.0
2540;2022-03-30;;;11508309.0
2541;2022-03-31;;;11508309.0
2542;2022-04-01;;;11551574.0
2543;2022-04-02;;;11551574.0
2544;2022-04-03;;;11551574.0
2545;2022-04-04;;;11551574.0
2546;2022-04-05;;;11578653.0
2547;2022-04-06;;;11578653.0
2548;2022-04-07;;;11578653.0
2549;2022-04-08;;;11627487.0
2550;2022-04-09;;;11627487.0
2551;2022-04-10;;;11627487.0
2552;2022-04-11;;;11627487.0
2553;2022-04-12;;;11662214.0
2554;2022-04-13;;;11662214.0
2555;2022-04-14;;;11662214.0
2556;2022-04-15;;;11662214.0
2557;2022-04-16;;;11662214.0
2558;2022-04-17;;;11662214.0
2559;2022-04-18;;;11662214.0
2560;2022-04-19;;;11736893.0
2561;2022-04-20;;;11736893.0
2562;2022-04-21;;;11736893.0
2563;2022-04-22;;;11786036.0
2564;2022-04-23;;;11786036.0
2565;2022-04-24;;;11786036.0
2566;2022-04-25;;;11786036.0
2567;2022-04-26;;;11833457.0
2568;2022-04-27;;;11833457.0
2569;2022-04-28;;;11833457.0
2570;2022-04-29;;;11896152.0
2571;2022-04-30;;;11896152.0
2572;2022-05-01;;;11896152.0
2573;2022-05-02;;;11896152.0
2574;2022-05-03;;;11953481.0
2575;2022-05-04;;;11953481.0
2576;2022-05-05;;;11953481.0
2577;2022-05-06;;;12009059.0
2578;2022-05-07;;;12009059.0
2579;2022-05-08;;;12009059.0
2580;2022-05-09;;;12058888.0
2581;2022-05-10;;;12058888.0
2582;2022-05-11;;;12058888.0
2583;2022-05-12;;;12058888.0
2584;2022-05-13;;;12127122.0
2585;2022-05-14;;;12127122.0
2586;2022-05-15;;;12127122.0
2587;2022-05-16;;;12127122.0
2588;2022-05-17;;;12179234.0
2589;2022-05-18;;;12179234.0
2590;2022-05-19;;;12179234.0
2591;2022-05-20;;;12179234.0
2592;2022-05-21;;;12234806.0
2593;2022-05-22;;;12234806.0
2594;2022-05-23;;;12234806.0
2595;2022-05-24;;;12238073.0
2596;2022-05-25;;;12238073.0
2597;2022-05-26;;;12280345.0
2598;2022-05-27;;;12326264.0
2599;2022-05-28;;;12326264.0
2600;2022-05-29;;;12326264.0
2601;2022-05-30;;;12326264.0
2602;2022-05-31;;;12326264.0
2603;2022-06-01;;;12360256.0
2604;2022-06-02;;;12360256.0
2605;2022-06-03;;;12403245.0
2606;2022-06-04;;;12403245.0
2607;2022-06-05;;;12403245.0
2608;2022-06-06;;;12403245.0
2609;2022-06-07;;;12436538.0
2610;2022-06-08;;;12436538.0
2611;2022-06-09;;;12436538.0
2612;2022-06-10;;;12478994.0
2613;2022-06-11;;;12478994.0
2614;2022-06-12;;;12478994.0
2615;2022-06-13;;;12478994.0
2616;2022-06-14;;;12515127.0
2617;2022-06-15;;;12515127.0
2618;2022-06-16;;;12515127.0
2619;2022-06-17;;;12563399.0
2620;2022-06-18;;;12563399.0
2621;2022-06-19;;;12563399.0
2622;2022-06-20;;;12563399.0
2623;2022-06-21;;;12613634.0
2624;2022-06-22;;;12613634.0
